listing_id,title,sku,grade,units,model,end_time,image_url,manifest_models,manifest_capacities,manifest_colors,manifest_part_numbers
231840,Apple Cell Phones - iPhone 16 Pro Max - 254 Units - Grade C(T) - CT0079829A,CT0079829A,C(T),254,iPhone 16 Pro Max,2025-06-19T16:30:00.000Z,https://bstock.com/mobilecarrier/media/catalog/product/cache/0/image/210x/9df78eab33525d08d6e5fb8d27136e95/i/p/iphone16promax_161.jpg,IPH 16PM,"512GB, 1TB, 256GB","WHT, NAT, BLK, GLD","J632E, J641E, U635E, J633E, A633E, J638E, J637E, J635E, J636E, J631E, A631E, J639E, U632E, U636E, J634E, U631E, U634E, S630E, U639E, J640E, J630E, U630E, U633E, S632E"
231784,Apple Cell Phones - iPhone 16 Pro Max - 250 Units - Grade C(T) - CT0080083A,CT0080083A,C(T),250,iPhone 16 Pro Max,2025-06-19T16:31:00.000Z,https://bstock.com/mobilecarrier/media/catalog/product/cache/0/image/210x/9df78eab33525d08d6e5fb8d27136e95/i/p/iphone16promax_160.jpg,IPH 16PM,"512GB, 1TB, 256GB","WHT, NAT, BLK, GLD","J632E, A636E, J641E, S631E, J633E, J638E, J637E, S638E, J635E, J636E, J631E, J639E, U632E, U636E, U637E, J634E, U631E, S630E, J640E, J630E, U630E, U633E, S633E"
232016,Apple Cell Phones - iPhone 16 Pro Max - 53 Units - Grade A+(T) - CT0079872A,CT0079872A,A+(T),53,iPhone 16 Pro Max,2025-06-19T16:32:00.000Z,https://bstock.com/mobilecarrier/media/catalog/product/cache/0/image/210x/9df78eab33525d08d6e5fb8d27136e95/i/p/iphone16promax_162.jpg,IPH 16PM,"512GB, 1TB, 256GB","WHT, NAT, BLK, GLD","A632E, A636E, J641E, S634E, A638E, J637E, A635E, J635E, J636E, U632E, U636E, J634E, U634E, U631E, U639E, S630E, A634E, J630E, U630E, U633E, U638E"
231942,Apple Cell Phones - iPhone 16 Pro Max - 50 Units - Grade B+(T) - CT0079883A,CT0079883A,B+(T),50,iPhone 16 Pro Max,2025-06-19T16:33:00.000Z,https://bstock.com/mobilecarrier/media/catalog/product/cache/0/image/210x/9df78eab33525d08d6e5fb8d27136e95/i/p/iphone16promax_162.jpg,IPH 16PM,"512GB, 1TB, 256GB","WHT, GLD, BLK, NAT","J632E, S638E, U635E, U636E, J635E, U640E, J636E, J630E, A631E, U630E, U633E, U637E, A633E, U632E, U631E, J638E, U638E"
231903,Apple Cell Phones - iPhone 16 Pro Max - 35 Units - Grade B(T) - CT0079906A,CT0079906A,B(T),35,iPhone 16 Pro Max,2025-06-19T16:34:00.000Z,https://bstock.com/mobilecarrier/media/catalog/product/cache/0/image/210x/9df78eab33525d08d6e5fb8d27136e95/i/p/iphone16promax_161.jpg,IPH 16PM,"512GB, 1TB, 256GB","WHT, NAT, BLK, GLD","J632E, J641E, U636E, J635E, J636E, J631E, J630E, J640E, J633E, U633E, U630E, J634E, U632E, A633E, U634E"
231846,Apple Cell Phones - iPhone 16 Pro - 300 Units - Grade C(T) - CT0079831A,CT0079831A,C(T),300,iPhone 16 Pro,2025-06-19T16:35:00.000Z,https://bstock.com/mobilecarrier/media/catalog/product/cache/0/image/210x/9df78eab33525d08d6e5fb8d27136e95/i/p/iphone16pro_159.jpg,IPH 16P,"512GB, 1TB, 128GB, 256GB","WHT, NAT, BLK, GLD","A616E, E615E, A618E, A620E, S628E, S621E, U618E, A615E, J618E, U614E, U616E, J623E, U619E, S623E, J629E, A617E, J615E, U617E, J626E, J620E, J624E, J627E, A614E, J625E, J617E, U622E, U620E, A624E, U615E, J614E, J616E, S618E, J628E, E620E, J619E, S619E, J622E, U629E, J621E, A621E, P619E, U621E"
231930,Apple Cell Phones - iPhone 16 Pro - 78 Units - Grade A+(T) - CT0079853A,CT0079853A,A+(T),78,iPhone 16 Pro,2025-06-19T16:36:00.000Z,https://bstock.com/mobilecarrier/media/catalog/product/cache/0/image/210x/9df78eab33525d08d6e5fb8d27136e95/i/p/iphone16pro_160.jpg,IPH 16P,"1TB, 128GB, 256GB, 512GB","WHT, NAT, BLK, GLD","A616E, A618E, A620E, A622E, U618E, U614E, U616E, U619E, S620E, U617E, J627E, U622E, U620E, U615E, S618E, J616E, J628E, A623E, U623E, E616E, U621E, U624E"
231750,Apple Cell Phones - iPhone 16 Pro - 69 Units - Grade B+(T) - CT0079858A,CT0079858A,B+(T),69,iPhone 16 Pro,2025-06-19T16:37:00.000Z,https://bstock.com/mobilecarrier/media/catalog/product/cache/0/image/210x/9df78eab33525d08d6e5fb8d27136e95/i/p/iphone16pro_158.jpg,IPH 16P,"512GB, 1TB, 128GB, 256GB","WHT, NAT, BLK, GLD","A620E, A622E, U618E, J618E, U614E, U616E, U619E, A629E, U617E, E618E, A614E, U622E, U620E, U615E, J614E, U629E, U623E, J621E, A628E, U621E, U624E, U626E"
231747,Apple Cell Phones - iPhone 16 Pro - 16 Units - Grade AA+(T) - CT0080000A,CT0080000A,AA+(T),16,iPhone 16 Pro,2025-06-19T16:38:00.000Z,https://bstock.com/mobilecarrier/media/catalog/product/cache/0/image/210x/9df78eab33525d08d6e5fb8d27136e95/i/p/iphone16pro_158.jpg,IPH 16P,"128GB, 256GB","WHT, BLK, GLD","U614E, U619E, U616E, U615E, A620E, J619E, U618E"
231833,Apple Cell Phones - iPhone 16 Plus - 125 Units - Grade C(T) - CT0079838A,CT0079838A,C(T),125,iPhone 16 Plus,2025-06-19T16:39:00.000Z,https://bstock.com/mobilecarrier/media/catalog/product/cache/0/image/210x/9df78eab33525d08d6e5fb8d27136e95/i/p/iphone16plus_129.jpg,IPH 16PL,"512GB, 128GB, 256GB","GRN, BLK, PNK, WHT, BLU","J606E, A599E, U605E, J601E, J600E, S600E, J607E, J610E, J602E, J611E, U601E, U610E, J604E, J599E, U603E, A604E, U602E, J609E, U608E, U599E, A608E, J613E, J603E, E602E, J608E, U606E, U604E, U600E"
231768,Apple Cell Phones - iPhone 16 Plus - 44 Units - Grade A+(T) - CT0079893A,CT0079893A,A+(T),44,iPhone 16 Plus,2025-06-19T16:40:00.000Z,https://bstock.com/mobilecarrier/media/catalog/product/cache/0/image/210x/9df78eab33525d08d6e5fb8d27136e95/i/p/iphone16plus_128.jpg,IPH 16PL,"512GB, 128GB, 256GB","GRN, BLK, PNK, WHT, BLU","J611E, U601E, A601E, A606E, U599E, J604E, S601E, U603E, S600E, U602E, A599E, A602E"
231853,Apple Cell Phones - iPhone 16 Plus - 25 Units - Grade B+(T) - CT0079955A,CT0079955A,B+(T),25,iPhone 16 Plus,2025-06-19T16:41:00.000Z,https://bstock.com/mobilecarrier/media/catalog/product/cache/0/image/210x/9df78eab33525d08d6e5fb8d27136e95/i/p/iphone16plus_129.jpg,IPH 16PL,"512GB, 128GB, 256GB","GRN, BLK, PNK, BLU, WHT","U601E, J606E, U610E, A599E, U608E, U599E, U609E, J601E, J599E, U603E, U607E, U602E, U613E, U604E, U600E"
231948,Apple Cell Phones - iPhone 16e - 85 Units - Grade B+(T) - CT0079848A,CT0079848A,B+(T),85,iPhone 16e,2025-06-19T16:42:00.000Z,https://bstock.com/mobilecarrier/media/catalog/product/cache/0/image/210x/9df78eab33525d08d6e5fb8d27136e95/i/p/iphone16e_32.jpg,IPH 16E,"128GB, 256GB","BLK, WHT","U866E, U869E, U868E, U867E, J866E"
231793,Apple Cell Phones - iPhone 16e - 68 Units - Grade A+(T) - CT0079860A,CT0079860A,A+(T),68,iPhone 16e,2025-06-19T16:43:00.000Z,https://bstock.com/mobilecarrier/media/catalog/product/cache/0/image/210x/9df78eab33525d08d6e5fb8d27136e95/i/p/iphone16e_31.jpg,"PH 16E, IPH 16E","512GB, 128GB, 256GB","BLK, WHT","U866E, J870E, A866E, A867E, U869E, J867E, U868E, U867E, J866E"
231827,"Apple Cell Phones - iPhone 16e, 128GB - 50 Units - Grade B+(T) - CT0079826A",CT0079826A,B+(T),50,iPhone 16e,2025-06-19T16:44:00.000Z,https://bstock.com/mobilecarrier/media/catalog/product/cache/0/image/210x/9df78eab33525d08d6e5fb8d27136e95/i/p/iphone16e_31.jpg,IPH 16E,128GB,"BLK, WHT","U866E, J867E, U867E"
231761,Apple Cell Phones - iPhone 16e - 15 Units - Grade B(T) - CT0080003A,CT0080003A,B(T),15,iPhone 16e,2025-06-19T16:45:00.000Z,https://bstock.com/mobilecarrier/media/catalog/product/cache/0/image/210x/9df78eab33525d08d6e5fb8d27136e95/i/p/iphone16e_31.jpg,IPH 16E,"128GB, 256GB","BLK, WHT","J866E, U866E, J868E, J867E, U868E, U867E"
232028,Apple Cell Phones - iPhone 16 - 80 Units - Grade C(T) - CT0079851A,CT0079851A,C(T),80,iPhone 16,2025-06-19T16:46:00.000Z,https://bstock.com/mobilecarrier/media/catalog/product/cache/0/image/210x/9df78eab33525d08d6e5fb8d27136e95/i/p/iphone16_132.jpg,IPH 16,"128GB, 256GB","GRN, BLK, PNK, WHT, BLU","J588E, U591E, J587E, J593E, U587E, U588E, J591E, J592E, J589E, J586E, U584E, U593E, S584E, J584E, U586E, U585E, S591E, J585E"
231865,Apple Cell Phones - iPhone 16 - 64 Units - Grade A+(T) - CT0079865A,CT0079865A,A+(T),64,iPhone 16,2025-06-19T16:47:00.000Z,https://bstock.com/mobilecarrier/media/catalog/product/cache/0/image/210x/9df78eab33525d08d6e5fb8d27136e95/i/p/iphone16_131.jpg,IPH 16,"512GB, 128GB, 256GB","GRN, BLK, PNK, WHT, BLU","U589E, U591E, A585E, U590E, U587E, U588E, S587E, A586E, E589E, U584E, A592E, A591E, U586E, U585E, S584E, E590E, U596E"
231758,Apple Cell Phones - iPhone 16 - 51 Units - Grade B+(T) - CT0079876A,CT0079876A,B+(T),51,iPhone 16,2025-06-19T16:48:00.000Z,https://bstock.com/mobilecarrier/media/catalog/product/cache/0/image/210x/9df78eab33525d08d6e5fb8d27136e95/i/p/iphone16_130.jpg,"IPH 16, APL IPH 16","512GB, 128GB, 256GB","GRN, BLK, PNK, BLU, WHT","U592E, U589E, U591E, U595E, U590E, U587E, U588E, S587E, U594E, U593E, U584E, A591E, A584E, U586E, U585E"
231764,"Apple Cell Phones - iPhone 15 Pro Max, 256GB - 350 Units - Grade C(T) - CT0080081A",CT0080081A,C(T),350,iPhone 15 Pro Max,2025-06-19T16:49:00.000Z,https://bstock.com/mobilecarrier/media/catalog/product/cache/0/image/210x/9df78eab33525d08d6e5fb8d27136e95/i/p/iphone15promax_484.jpg,IPH 15PM,256GB,"WHT, NAT, BLK, BLU","S911D, A909D, J909D, A911D, A910D, J911D, A912D, S909D, S912D, E910D, E912D, E909D, J910D, E911D, J912D"
232043,"Apple Cell Phones - iPhone 15 Pro Max, 256GB - 350 Units - Grade C(T) - CT0080080A",CT0080080A,C(T),350,iPhone 15 Pro Max,2025-06-19T16:50:00.000Z,https://bstock.com/mobilecarrier/media/catalog/product/cache/0/image/210x/9df78eab33525d08d6e5fb8d27136e95/i/p/iphone15promax_487.jpg,IPH 15PM,256GB,"WHT, BLU, BLK, NAT","S911D, A909D, J909D, A911D, A910D, J911D, A912D, S909D, E910D, S912D, E912D, E909D, J910D, U912D, E911D, J912D"
231843,"Apple Cell Phones - iPhone 15 Pro Max, 256GB - 323 Units - Grade C(T) - CT0079760A",CT0079760A,C(T),323,iPhone 15 Pro Max,2025-06-19T16:51:00.000Z,https://bstock.com/mobilecarrier/media/catalog/product/cache/0/image/210x/9df78eab33525d08d6e5fb8d27136e95/i/p/iphone15promax_485.jpg,IPH 15PM,256GB,"WHT, BLU, BLK, NAT","S911D, A909D, J909D, A911D, A910D, J911D, A912D, S909D, S912D, E910D, E912D, E909D, J910D, E911D, J912D, S910D"
231897,"Apple Cell Phones - iPhone 15 Pro Max, 512GB - 199 Units - Grade C(T) - CT0079773A",CT0079773A,C(T),199,iPhone 15 Pro Max,2025-06-19T16:52:00.000Z,https://bstock.com/mobilecarrier/media/catalog/product/cache/0/image/210x/9df78eab33525d08d6e5fb8d27136e95/i/p/iphone15promax_485.jpg,"APL IPH 15PM, IPH 15PM",512GB,"WHT, NAT, BLK, BLU","E913D, A915D, S916D, A914D, J502E, E916D, J915D, A916D, J913D, E915D, J914D, J916D, E914D, S914D, A913D, S913D"
231931,"Apple Cell Phones - iPhone 15 Pro Max, 256GB - 130 Units - Grade A+(T) - CT0079783A",CT0079783A,A+(T),130,iPhone 15 Pro Max,2025-06-19T16:53:00.000Z,https://bstock.com/mobilecarrier/media/catalog/product/cache/0/image/210x/9df78eab33525d08d6e5fb8d27136e95/i/p/iphone15promax_486.jpg,IPH 15PM,256GB,"WHT, BLU, BLK, NAT","A909D, J909D, A911D, A910D, J911D, A912D, S909D, S912D, E910D, E912D, U911D, E909D, U912D, E911D, J912D, S910D"
231908,"Apple Cell Phones - iPhone 15 Pro Max, 256GB - 125 Units - Grade B+(T) - CT0080082A",CT0080082A,B+(T),125,iPhone 15 Pro Max,2025-06-19T16:54:00.000Z,https://bstock.com/mobilecarrier/media/catalog/product/cache/0/image/210x/9df78eab33525d08d6e5fb8d27136e95/i/p/iphone15promax_485.jpg,IPH 15PM,256GB,"WHT, NAT, BLK, BLU","A909D, J909D, A911D, A910D, J911D, A912D, S909D, S912D, E909D, U911D, J912D, S910D"
231872,"Apple Cell Phones - iPhone 15 Pro Max, 256GB - 121 Units - Grade B+(T) - CT0079769A",CT0079769A,B+(T),121,iPhone 15 Pro Max,2025-06-19T16:55:00.000Z,https://bstock.com/mobilecarrier/media/catalog/product/cache/0/image/210x/9df78eab33525d08d6e5fb8d27136e95/i/p/iphone15promax_485.jpg,IPH 15PM,256GB,"WHT, NAT, BLK, BLU","A909D, J909D, A911D, A910D, J911D, J912D, A912D, S909D, E909D, J910D"
231866,"Apple Cell Phones - iPhone 15 Pro Max, 256GB - 69 Units - Grade B(T) - CT0079809A",CT0079809A,B(T),69,iPhone 15 Pro Max,2025-06-19T16:56:00.000Z,https://bstock.com/mobilecarrier/media/catalog/product/cache/0/image/210x/9df78eab33525d08d6e5fb8d27136e95/i/p/iphone15promax_485.jpg,IPH 15PM,256GB,"WHT, BLU, BLK, NAT","A909D, J909D, A911D, A910D, J911D, A912D, S909D, E909D, J910D, E911D, J912D"
231859,"Apple Cell Phones - iPhone 15 Pro Max, 512GB - 68 Units - Grade B+(T) - CT0079810A",CT0079810A,B+(T),68,iPhone 15 Pro Max,2025-06-19T16:57:00.000Z,https://bstock.com/mobilecarrier/media/catalog/product/cache/0/image/210x/9df78eab33525d08d6e5fb8d27136e95/i/p/iphone15promax_485.jpg,IPH 15PM,512GB,"WHT, BLK, BLU","E913D, S916D, A913D, A914D, E916D, U916D, J913D, E914D, J914D, J916D, U913D, A916D, S913D"
231971,Apple Cell Phones - iPhone 15 Pro Max - 26 Units - Grade C(T) - CT0079938A,CT0079938A,C(T),26,iPhone 15 Pro Max,2025-06-19T16:58:00.000Z,https://bstock.com/mobilecarrier/media/catalog/product/cache/0/image/210x/9df78eab33525d08d6e5fb8d27136e95/i/p/iphone15promax_486.jpg,"APL IPH 15PM, IPH 15PM","1TB, 256GB, 512GB","NAT, BLU, BLK, WHT","S920D, J920D, E920D, J918D, J917D, J524E, J919D, J464E"
231953,"Apple Cell Phones - iPhone 15 Pro, 256GB - 335 Units - Grade C(T) - CT0079767A",CT0079767A,C(T),335,iPhone 15 Pro,2025-06-19T16:59:00.000Z,https://bstock.com/mobilecarrier/media/catalog/product/cache/0/image/210x/9df78eab33525d08d6e5fb8d27136e95/i/p/iphone15pro_447.jpg,IPH 15P,256GB,"WHT, BLU, BLK, NAT","J897D, S897D, A900D, J900D, A897D, A898D, E898D, S900D, A899D, J899D, S898D, E897D, J898D, E899D, E900D"
232008,Apple Cell Phones - iPhone 15 Pro - 201 Units - Grade C(T) - CT0079833A,CT0079833A,C(T),201,iPhone 15 Pro,2025-06-19T17:00:00.000Z,https://bstock.com/mobilecarrier/media/catalog/product/cache/0/image/210x/9df78eab33525d08d6e5fb8d27136e95/i/p/iphone15pro_447.jpg,IPH 15P,"1TB, 128GB","WHT, NAT, BLK, BLU","J893D, S893D, A894D, J907D, J908D, A895D, A893D, E893D, S895D, S905D, E896D, E908D, J906D, J895D, E907D, A908D, J894D, E905D, A905D, J905D, A896D, E895D, J896D"
232004,"Apple Cell Phones - iPhone 15 Pro, 128GB - 134 Units - Grade C(T) - CT0079782A",CT0079782A,C(T),134,iPhone 15 Pro,2025-06-19T17:01:00.000Z,https://bstock.com/mobilecarrier/media/catalog/product/cache/0/image/210x/9df78eab33525d08d6e5fb8d27136e95/i/p/iphone15pro_447.jpg,IPH 15P,128GB,"WHT, BLU, BLK, NAT","J893D, J894D, E895D, A896D, E894D, A895D, J895D, E893D, J896D"
231803,"Apple Cell Phones - iPhone 15 Pro, 512GB - 88 Units - Grade C(T) - CT0079797A",CT0079797A,C(T),88,iPhone 15 Pro,2025-06-19T17:02:00.000Z,https://bstock.com/mobilecarrier/media/catalog/product/cache/0/image/210x/9df78eab33525d08d6e5fb8d27136e95/i/p/iphone15pro_445.jpg,IPH 15P,512GB,"BLU, NAT, BLK, WHT","A903D, S901D, A904D, E901D, E902D, J901D, J902D, S903D, J904D, A902D, E904D, J903D, A901D"
231844,Apple Cell Phones - iPhone 15 Pro - 68 Units - Grade B+(T) - CT0079861A,CT0079861A,B+(T),68,iPhone 15 Pro,2025-06-19T17:03:00.000Z,https://bstock.com/mobilecarrier/media/catalog/product/cache/0/image/210x/9df78eab33525d08d6e5fb8d27136e95/i/p/iphone15pro_446.jpg,IPH 15P,"512GB, 1TB, 128GB","WHT, NAT, BLK, BLU","J893D, E894D, S893D, J902D, S902D, A902D, S904D, A906D, A895D, A893D, J895D, A901D, U904D, A903D, A904D, A896D, J901D, J904D, E904D, J896D"
231749,"Apple Cell Phones - iPhone 15 Pro, 256GB - 54 Units - Grade B+(T) - CT0079822A",CT0079822A,B+(T),54,iPhone 15 Pro,2025-06-19T17:04:00.000Z,https://bstock.com/mobilecarrier/media/catalog/product/cache/0/image/210x/9df78eab33525d08d6e5fb8d27136e95/i/p/iphone15pro_445.jpg,IPH 15P,256GB,"WHT, NAT, BLK, BLU","J897D, S897D, A900D, J900D, A897D, A898D, E898D, A899D, J898D, E900D"
232045,Apple Cell Phones - iPhone 15 Pro - 29 Units - Grade B(T) - CT0079929A,CT0079929A,B(T),29,iPhone 15 Pro,2025-06-19T17:05:00.000Z,https://bstock.com/mobilecarrier/media/catalog/product/cache/0/image/210x/9df78eab33525d08d6e5fb8d27136e95/i/p/iphone15pro_448.jpg,IPH 15P,"512GB, 128GB, 256GB","WHT, BLU, BLK, NAT","J893D, J897D, A900D, J900D, J894D, S896D, A903D, A898D, A896D, A894D, J895D, J898D, J903D, A901D, J896D"
232033,Apple Cell Phones - iPhone 15 Pro - 15 Units - Grade A+(T) - CT0080006A,CT0080006A,A+(T),15,iPhone 15 Pro,2025-06-19T17:06:00.000Z,https://bstock.com/mobilecarrier/media/catalog/product/cache/0/image/210x/9df78eab33525d08d6e5fb8d27136e95/i/p/iphone15pro_448.jpg,IPH 15P,"1TB, 128GB, 256GB, 512GB","BLU, NAT, BLK, WHT","U899D, A902D, A903D, A904D, J905D, A894D, J904D, A893D, A899D, A901D"
231836,Apple Cell Phones - iPhone 15 Plus - 167 Units - Grade C(T) - CT0079835A,CT0079835A,C(T),167,iPhone 15 Plus,2025-06-19T17:07:00.000Z,https://bstock.com/mobilecarrier/media/catalog/product/cache/0/image/210x/9df78eab33525d08d6e5fb8d27136e95/i/p/iphone15plus_384.jpg,"APL IPH 15PL, IPH 15PL","512GB, 128GB","YEL, BLK, BLU, PNK","E878D, E879D, S878D, J879D, J891D, A881D, J878D, A879D, J881D, A878D, E881D, J880D, S879D"
231854,"Apple Cell Phones - iPhone 15 Plus, 256GB - 117 Units - Grade C(T) - CT0079786A",CT0079786A,C(T),117,iPhone 15 Plus,2025-06-19T17:08:00.000Z,https://bstock.com/mobilecarrier/media/catalog/product/cache/0/image/210x/9df78eab33525d08d6e5fb8d27136e95/i/p/iphone15plus_384.jpg,IPH 15PL,256GB,"YEL, GRN, BLK, PNK, BLU","E883D, J885D, S886D, J887D, J886D, J883D, E887D, A884D, E884D, A886D, A883D, J884D, A887D"
231916,"Apple Cell Phones - iPhone 15 Plus, 128GB - 105 Units - Grade C(T) - CT0079790A",CT0079790A,C(T),105,iPhone 15 Plus,2025-06-19T17:09:00.000Z,https://bstock.com/mobilecarrier/media/catalog/product/cache/0/image/210x/9df78eab33525d08d6e5fb8d27136e95/i/p/iphone15plus_384.jpg,"IPH 15PL, IPH 15PL 128GB",128GB,"YEL, GRN, BLK, PNK, BLU","E879D, J879D, A881D, J878D, J881D, J882D, J880D, S879D"
231828,Apple Cell Phones - iPhone 15 Plus - 47 Units - Grade B+(T) - CT0079890A,CT0079890A,B+(T),47,iPhone 15 Plus,2025-06-19T17:10:00.000Z,https://bstock.com/mobilecarrier/media/catalog/product/cache/0/image/210x/9df78eab33525d08d6e5fb8d27136e95/i/p/iphone15plus_383.jpg,IPH 15PL,"512GB, 128GB","YEL, BLK, BLU, PNK","U878D, A889D, J889D, A881D, J879D, J881D, A879D, A890D, A878D, S880D, J878D"
231883,Apple Cell Phones - iPhone 15 Plus - 39 Units - Grade B(T) - CT0079899A,CT0079899A,B(T),39,iPhone 15 Plus,2025-06-19T17:11:00.000Z,https://bstock.com/mobilecarrier/media/catalog/product/cache/0/image/210x/9df78eab33525d08d6e5fb8d27136e95/i/p/iphone15plus_384.jpg,IPH 15PL,"128GB, 256GB","YEL, GRN, BLK, PNK, BLU","A885D, A881D, J879D, J886D, J881D, J878D, A879D, A884D, A878D, A883D, J884D, A887D"
231831,Apple Cell Phones - iPhone 15 Plus - 38 Units - Grade A+(T) - CT0079900A,CT0079900A,A+(T),38,iPhone 15 Plus,2025-06-19T17:12:00.000Z,https://bstock.com/mobilecarrier/media/catalog/product/cache/0/image/210x/9df78eab33525d08d6e5fb8d27136e95/i/p/iphone15plus_384.jpg,"APL IPH 15PL, IPH 15PL","512GB, 128GB, 256GB","YEL, BLK, BLU, PNK","E883D, S883D, A880D, E879D, A881D, J886D, J879D, A879D, A878D, A884D, S891D, E884D, A886D, A883D, E886D"
231743,Apple Cell Phones - iPhone 15 - 321 Units - Grade C(T) - CT0079830A,CT0079830A,C(T),321,iPhone 15,2025-06-19T17:13:00.000Z,https://bstock.com/mobilecarrier/media/catalog/product/cache/0/image/210x/9df78eab33525d08d6e5fb8d27136e95/i/p/iphone15_378.jpg,IPH 15,"512GB, 128GB","YEL, GRN, BLK, PNK, BLU","J864D, U864D, U866D, U863D, A864D, E865D, U865D, S874D, E864D, E866D, U867D, J867D, A867D, J866D, J876D, A866D, E863D, S864D, A863D, J873D, J863D, J874D, S863D, A877D, E873D"
232014,"Apple Cell Phones - iPhone 15, 256GB - 87 Units - Grade C(T) - CT0079798A",CT0079798A,C(T),87,iPhone 15,2025-06-19T17:14:00.000Z,https://bstock.com/mobilecarrier/media/catalog/product/cache/0/image/210x/9df78eab33525d08d6e5fb8d27136e95/i/p/iphone15_380.jpg,"IPH 15, APL IPH 15",256GB,"YEL, GRN, BLK, PNK, BLU","E870D, A871D, J871D, A868D, E869D, S871D, J869D, A869D, E868D, J872D, S868D, U868D, J870D, J868D"
231943,Apple Cell Phones - iPhone 15 - 82 Units - Grade B+(T) - CT0079850A,CT0079850A,B+(T),82,iPhone 15,2025-06-19T17:15:00.000Z,https://bstock.com/mobilecarrier/media/catalog/product/cache/0/image/210x/9df78eab33525d08d6e5fb8d27136e95/i/p/iphone15_380.jpg,"IPH 15, APL IPH 15","512GB, 128GB, 256GB","YEL, GRN, BLK, PNK, BLU","A863D, J864D, U867D, U873D, J863D, E869D, S864D, A867D, J866D, A866D, U866D, U863D, A864D, U865D, S866D, E863D, E873D"
231772,"Apple Cell Phones - iPhone 15, 128GB - 80 Units - Grade C(T) - CT0079800A",CT0079800A,C(T),80,iPhone 15,2025-06-19T17:16:00.000Z,https://bstock.com/mobilecarrier/media/catalog/product/cache/0/image/210x/9df78eab33525d08d6e5fb8d27136e95/i/p/iphone15_378.jpg,IPH 15,128GB,"YEL, GRN, BLK, PNK, BLU","J864D, J867D, J863D, J865D, J866D, A866D, A864D, S866D, E863D"
231902,Apple Cell Phones - iPhone 15 - 42 Units - Grade B(T) - CT0079895A,CT0079895A,B(T),42,iPhone 15,2025-06-19T17:17:00.000Z,https://bstock.com/mobilecarrier/media/catalog/product/cache/0/image/210x/9df78eab33525d08d6e5fb8d27136e95/i/p/iphone15_379.jpg,IPH 15,"128GB, 256GB","YEL, GRN, BLK, PNK, BLU","A863D, J864D, U867D, J863D, U864D, J865D, J866D, A866D, U866D, U863D, A864D, E863D, J868D"
231798,Apple Cell Phones - iPhone 15 - 37 Units - Grade A+(T) - CT0079901A,CT0079901A,A+(T),37,iPhone 15,2025-06-19T17:18:00.000Z,https://bstock.com/mobilecarrier/media/catalog/product/cache/0/image/210x/9df78eab33525d08d6e5fb8d27136e95/i/p/iphone15_378.jpg,IPH 15,"128GB, 256GB","GRN, BLK, YEL, PNK","A863D, S869D, U867D, A868D, A865D, A867D, U864D, A869D, J863D, U863D, J868D"
231917,"Apple Cell Phones - iPhone 14 Pro Max, 128GB - 381 Units - Grade C(T) - CT0079758A",CT0079758A,C(T),381,iPhone 14 Pro Max,2025-06-19T17:19:00.000Z,https://bstock.com/mobilecarrier/media/catalog/product/cache/0/image/210x/9df78eab33525d08d6e5fb8d27136e95/i/p/iphone14promax_1126.jpg,IPH 14PM,128GB,"PUR, SLV, BLK, GLD","S530D, S529D, J527D, A529D, E528D, E530D, J528D, J529D, S527D, E529D, A530D, A528D, J530D, S528D, A527D, E527D"
231755,"Apple Cell Phones - iPhone 14 Pro Max, 128GB - 375 Units - Grade C(T) - CT0080076A",CT0080076A,C(T),375,iPhone 14 Pro Max,2025-06-19T17:20:00.000Z,https://bstock.com/mobilecarrier/media/catalog/product/cache/0/image/210x/9df78eab33525d08d6e5fb8d27136e95/i/p/iphone14promax_1125.jpg,IPH 14PM,128GB,"PUR, SLV, BLK, GLD","S529D, J527D, E528D, A529D, E530D, J528D, J529D, S527D, E529D, A530D, A528D, J530D, A527D, E527D"
231980,"Apple Cell Phones - iPhone 14 Pro Max, 128GB - 375 Units - Grade C(T) - CT0080077A",CT0080077A,C(T),375,iPhone 14 Pro Max,2025-06-19T17:21:00.000Z,https://bstock.com/mobilecarrier/media/catalog/product/cache/0/image/210x/9df78eab33525d08d6e5fb8d27136e95/i/p/iphone14promax_1127.jpg,IPH 14PM,128GB,"PUR, SLV, BLK, GLD","S530D, S529D, J527D, A529D, E528D, E530D, J528D, J529D, S527D, E529D, A530D, A528D, J530D, S528D, A527D, E527D"
232036,"Apple Cell Phones - iPhone 14 Pro Max, 256GB - 359 Units - Grade C(T) - CT0079759A",CT0079759A,C(T),359,iPhone 14 Pro Max,2025-06-19T17:22:00.000Z,https://bstock.com/mobilecarrier/media/catalog/product/cache/0/image/210x/9df78eab33525d08d6e5fb8d27136e95/i/p/iphone14promax_1128.jpg,IPH 14PM,256GB,"PUR, SLV, BLK, GLD","J531D, A534D, S532D, S531D, E531D, E532D, A533D, E534D, E533D, S533D, J533D, S534D, A531D, A532D, J532D, J534D"
231860,"Apple Cell Phones - iPhone 14 Pro Max, 256GB - 350 Units - Grade C(T) - CT0080079A",CT0080079A,C(T),350,iPhone 14 Pro Max,2025-06-19T17:23:00.000Z,https://bstock.com/mobilecarrier/media/catalog/product/cache/0/image/210x/9df78eab33525d08d6e5fb8d27136e95/i/p/iphone14promax_1126.jpg,IPH 14PM,256GB,"PUR, SLV, BLK, GLD","J531D, A534D, S531D, E531D, E534D, E532D, E533D, A533D, S533D, J533D, S534D, A531D, A532D, J532D, J534D"
231861,"Apple Cell Phones - iPhone 14 Pro Max, 256GB - 350 Units - Grade C(T) - CT0080078A",CT0080078A,C(T),350,iPhone 14 Pro Max,2025-06-19T17:24:00.000Z,https://bstock.com/mobilecarrier/media/catalog/product/cache/0/image/210x/9df78eab33525d08d6e5fb8d27136e95/i/p/iphone14promax_1126.jpg,IPH 14PM,256GB,"PUR, SLV, BLK, GLD","J531D, A534D, S531D, E531D, E534D, E532D, A533D, E533D, S533D, J533D, S534D, A531D, A532D, J532D, J534D"
231977,"Apple Cell Phones - iPhone 14 Pro Max, 128GB - 244 Units - Grade B+(T) - CT0079770A",CT0079770A,B+(T),244,iPhone 14 Pro Max,2025-06-19T17:25:00.000Z,https://bstock.com/mobilecarrier/media/catalog/product/cache/0/image/210x/9df78eab33525d08d6e5fb8d27136e95/i/p/iphone14promax_1127.jpg,IPH 14PM,128GB,"PUR, SLV, BLK, GLD","S530D, E527D, J527D, A529D, E530D, J528D, J529D, S527D, A530D, A528D, J530D, S528D, A527D, S529D"
231966,"Apple Cell Phones - iPhone 14 Pro Max, 512GB - 180 Units - Grade C(T) - CT0079774A",CT0079774A,C(T),180,iPhone 14 Pro Max,2025-06-19T17:26:00.000Z,https://bstock.com/mobilecarrier/media/catalog/product/cache/0/image/210x/9df78eab33525d08d6e5fb8d27136e95/i/p/iphone14promax_1127.jpg,IPH 14PM,512GB,"PUR, SLV, BLK, GLD","J537D, A535D, A538D, J536D, S538D, E535D, A537D, S536D, E536D, E538D, A536D, J538D, E537D, S535D, J535D"
231954,Apple Cell Phones - iPhone 14 Pro Max - 175 Units - Grade B+(T) - CT0079834A,CT0079834A,B+(T),175,iPhone 14 Pro Max,2025-06-19T17:27:00.000Z,https://bstock.com/mobilecarrier/media/catalog/product/cache/0/image/210x/9df78eab33525d08d6e5fb8d27136e95/i/p/iphone14promax_1127.jpg,IPH 14PM,"512GB, 128GB, 256GB","PUR, SLV, BLK, GLD","J537D, A534D, A535D, A538D, S530D, U530D, S538D, A537D, E538D, A530D, A531D, A536D, S537D, S535D, A527D"
231806,"Apple Cell Phones - iPhone 14 Pro Max, 256GB - 140 Units - Grade B+(T) - CT0079781A",CT0079781A,B+(T),140,iPhone 14 Pro Max,2025-06-19T17:28:00.000Z,https://bstock.com/mobilecarrier/media/catalog/product/cache/0/image/210x/9df78eab33525d08d6e5fb8d27136e95/i/p/iphone14promax_1125.jpg,IPH 14PM,256GB,"PUR, SLV, BLK, GLD","A534D, J531D, S531D, E531D, E534D, A533D, J533D, S534D, A531D, A532D, J532D, J534D"
231940,Apple Cell Phones - iPhone 14 Pro Max - 88 Units - Grade A+(T) - CT0079846A,CT0079846A,A+(T),88,iPhone 14 Pro Max,2025-06-19T17:29:00.000Z,https://bstock.com/mobilecarrier/media/catalog/product/cache/0/image/210x/9df78eab33525d08d6e5fb8d27136e95/i/p/iphone14promax_1127.jpg,IPH 14PM,"512GB, 128GB, 256GB","PUR, SLV, BLK, GLD","E528D, E527D, S532D, J527D, S538D, A529D, A537D, A536D, J530D, J534D, A534D, S531D, E529D, A530D, A532D, A528D, S537D, A527D, A535D, A538D, E530D, S534D, A531D, S528D"
231741,"Apple Cell Phones - iPhone 14 Pro Max, 1TB - 64 Units - Grade C(T) - CT0079814A",CT0079814A,C(T),64,iPhone 14 Pro Max,2025-06-19T17:30:00.000Z,https://bstock.com/mobilecarrier/media/catalog/product/cache/0/image/210x/9df78eab33525d08d6e5fb8d27136e95/i/p/iphone14promax_1125.jpg,IPH 14PM,1TB,"PUR, SLV, BLK, GLD","A541D, A539D, E540D, E541D, A542D, J539D, J541D, J542D, S539D, J540D"
231976,"Apple Cell Phones - iPhone 14 Pro Max, 1TB - 61 Units - Grade B+(T) - CT0079819A",CT0079819A,B+(T),61,iPhone 14 Pro Max,2025-06-19T17:31:00.000Z,https://bstock.com/mobilecarrier/media/catalog/product/cache/0/image/210x/9df78eab33525d08d6e5fb8d27136e95/i/p/iphone14promax_1127.jpg,IPH 14PM,1TB,"PUR, SLV, BLK, GLD","A541D, A539D, E541D, A542D, S542D, J539D, S539D, J541D, E542D, J542D, A540D, E539D, J540D"
231964,Apple Cell Phones - iPhone 14 Pro Max - 18 Units - Grade B(T) - CT0079988A,CT0079988A,B(T),18,iPhone 14 Pro Max,2025-06-19T17:32:00.000Z,https://bstock.com/mobilecarrier/media/catalog/product/cache/0/image/210x/9df78eab33525d08d6e5fb8d27136e95/i/p/iphone14promax_1127.jpg,IPH 14PM,"512GB, 1TB, 256GB","PUR, SLV, BLK, GLD","A534D, J531D, A535D, S531D, E532D, A533D, A537D, J538D, J542D, J532D, J535D, J534D"
231811,Apple Cell Phones - iPhone 14 Pro Max - 2 Units - Grade C(T) - CT0080062A,CT0080062A,C(T),2,iPhone 14 Pro Max,2025-06-19T17:33:00.000Z,https://bstock.com/mobilecarrier/media/catalog/product/cache/0/image/210x/9df78eab33525d08d6e5fb8d27136e95/i/p/iphone14promax_1125.jpg,IPH 14PM,"128GB, 256GB",PUR,"J530D, J534D"
231961,"Apple Cell Phones - iPhone 14 Pro, 128GB - 471 Units - Grade C(T) - CT0079763A",CT0079763A,C(T),471,iPhone 14 Pro,2025-06-19T17:34:00.000Z,https://bstock.com/mobilecarrier/media/catalog/product/cache/0/image/210x/9df78eab33525d08d6e5fb8d27136e95/i/p/iphone14pro_992.jpg,IPH 14P,128GB,"PUR, SLV, BLK, GLD","J511D, E511D, S512D, A514D, A513D, E514D, A512D, S514D, E512D, D511D, S511D, J513D, S513D, J514D, E513D, J512D, A511D"
232035,"Apple Cell Phones - iPhone 14 Pro, 256GB - 458 Units - Grade C(T) - CT0079764A",CT0079764A,C(T),458,iPhone 14 Pro,2025-06-19T17:35:00.000Z,https://bstock.com/mobilecarrier/media/catalog/product/cache/0/image/210x/9df78eab33525d08d6e5fb8d27136e95/i/p/iphone14pro_993.jpg,IPH 14P,256GB,"PUR, SLV, BLK, GLD","S518D, J517D, E518D, J515D, J516D, S515D, S517D, E515D, E516D, J518D, E517D, A515D, A516D, A518D, S516D, A517D"
231787,"Apple Cell Phones - iPhone 14 Pro, 128GB - 151 Units - Grade B+(T) - CT0079780A",CT0079780A,B+(T),151,iPhone 14 Pro,2025-06-19T17:36:00.000Z,https://bstock.com/mobilecarrier/media/catalog/product/cache/0/image/210x/9df78eab33525d08d6e5fb8d27136e95/i/p/iphone14pro_990.jpg,IPH 14P,128GB,"PUR, SLV, BLK, GLD","J511D, E511D, S512D, A513D, A514D, A512D, S514D, E514D, S511D, J513D, U514D, J514D, J512D, A511D"
231890,"Apple Cell Phones - iPhone 14 Pro, 512GB - 105 Units - Grade C(T) - CT0079789A",CT0079789A,C(T),105,iPhone 14 Pro,2025-06-19T17:37:00.000Z,https://bstock.com/mobilecarrier/media/catalog/product/cache/0/image/210x/9df78eab33525d08d6e5fb8d27136e95/i/p/iphone14pro_991.jpg,IPH 14P,512GB,"PUR, SLV, BLK, GLD","S519D, J521D, A519D, E521D, J520D, J522D, J519D, A521D, E522D, E519D, A522D, S522D"
232026,"Apple Cell Phones - iPhone 14 Pro, 256GB - 89 Units - Grade B+(T) - CT0079796A",CT0079796A,B+(T),89,iPhone 14 Pro,2025-06-19T17:38:00.000Z,https://bstock.com/mobilecarrier/media/catalog/product/cache/0/image/210x/9df78eab33525d08d6e5fb8d27136e95/i/p/iphone14pro_992.jpg,IPH 14P,256GB,"PUR, SLV, BLK, GLD","S518D, J517D, E518D, J515D, E515D, A515D, A516D, A518D, S516D, A517D"
231841,Apple Cell Phones - iPhone 14 Pro - 72 Units - Grade B+(T) - CT0079856A,CT0079856A,B+(T),72,iPhone 14 Pro,2025-06-19T17:39:00.000Z,https://bstock.com/mobilecarrier/media/catalog/product/cache/0/image/210x/9df78eab33525d08d6e5fb8d27136e95/i/p/iphone14pro_991.jpg,IPH 14P,"512GB, 1TB, 128GB, 256GB","PUR, BLK, GLD","J526D, A525D, S519D, A523D, A514D, A519D, J522D, J523D, A515D, A522D"
231887,Apple Cell Phones - iPhone 14 Pro - 53 Units - Grade A+(T) - CT0079873A,CT0079873A,A+(T),53,iPhone 14 Pro,2025-06-19T17:40:00.000Z,https://bstock.com/mobilecarrier/media/catalog/product/cache/0/image/210x/9df78eab33525d08d6e5fb8d27136e95/i/p/iphone14pro_991.jpg,IPH 14P,"512GB, 1TB, 128GB, 256GB","PUR, SLV, BLK, GLD","A518D, S512D, A513D, A514D, A512D, S514D, S526D, A519D, E514D, S511D, A522D, E512D, J513D, A515D, J514D, E513D, A511D"
232052,"Apple Cell Phones - iPhone 14 Plus, 128GB - 222 Units - Grade C(T) - CT0079771A",CT0079771A,C(T),222,iPhone 14 Plus,2025-06-19T17:41:00.000Z,https://bstock.com/mobilecarrier/media/catalog/product/cache/0/image/210x/9df78eab33525d08d6e5fb8d27136e95/i/p/iphone14plus_764.jpg,IPH 14PL,128GB,"RED, MDN, STL, YEL, PUR, BLU","A497D, E498D, A500D, E497D, S496D, J801D, J498D, A499D, J499D, S500D, J497D, A498D, E801D, A801D, A496D, S498D, E496D, J500D, J496D, S497D, E500D"
231927,"Apple Cell Phones - iPhone 14 Plus, 256GB - 76 Units - Grade C(T) - CT0079803A",CT0079803A,C(T),76,iPhone 14 Plus,2025-06-19T17:42:00.000Z,https://bstock.com/mobilecarrier/media/catalog/product/cache/0/image/210x/9df78eab33525d08d6e5fb8d27136e95/i/p/iphone14plus_763.jpg,IPH 14PL,256GB,"RED, MDN, STL, YEL, PUR, BLU","E501D, J503D, J501D, E502D, A802D, J502D, A505D, S505D, J504D, A501D, A502D, E503D, J505D, A503D"
231752,Apple Cell Phones - iPhone 14 Plus - 61 Units - Grade B+(T) - CT0079867A,CT0079867A,B+(T),61,iPhone 14 Plus,2025-06-19T17:43:00.000Z,https://bstock.com/mobilecarrier/media/catalog/product/cache/0/image/210x/9df78eab33525d08d6e5fb8d27136e95/i/p/iphone14plus_762.jpg,IPH 14PL,"128GB, 256GB","RED, MDN, STL, PUR, BLU","A497D, J503D, A499D, A498D, J502D, A505D, E496D, A500D, S505D, A504D, J504D, A501D, A502D, A496D, J505D, A503D, S503D"
231882,"Apple Cell Phones - iPhone 14, 128GB - 742 Units - Grade C(T) - CT0079761A",CT0079761A,C(T),742,iPhone 14,2025-06-19T17:44:00.000Z,https://bstock.com/mobilecarrier/media/catalog/product/cache/0/image/210x/9df78eab33525d08d6e5fb8d27136e95/i/p/iphone14_897.jpg,IPH 14,128GB,"RED, MDN, STL, YEL, PUR, BLU","E483D, A798D, J484D, E482D, E481D, A484D, A482D, S484D, E484D, J483D, S481D, J482D, A483D, A481D, J481D, U481D, E485D, S483D, J798D, J485D, A485D, S485D"
231775,"Apple Cell Phones - iPhone 14, 128GB - 85 Units - Grade B+(T) - CT0079799A",CT0079799A,B+(T),85,iPhone 14,2025-06-19T17:45:00.000Z,https://bstock.com/mobilecarrier/media/catalog/product/cache/0/image/210x/9df78eab33525d08d6e5fb8d27136e95/i/p/iphone14_896.jpg,IPH 14,128GB,"RED, MDN, STL, YEL, PUR, BLU","J482D, A484D, S483D, A482D, E481D, A483D, A798D, J483D, J485D, A481D, J481D, U481D, A485D, S485D"
231944,"Apple Cell Phones - iPhone 14, 128GB - 75 Units - Grade A+(T) - CT0079805A",CT0079805A,A+(T),75,iPhone 14,2025-06-19T17:46:00.000Z,https://bstock.com/mobilecarrier/media/catalog/product/cache/0/image/210x/9df78eab33525d08d6e5fb8d27136e95/i/p/iphone14_898.jpg,IPH 14,128GB,"RED, MDN, STL, YEL, PUR, BLU","A484D, A482D, S484D, E481D, A483D, E484D, E483D, A798D, J484D, J485D, J483D, A481D, J481D, U481D, A485D, E485D, S485D"
231862,"Apple Cell Phones - iPhone 14, 256GB - 74 Units - Grade C(T) - CT0079806A",CT0079806A,C(T),74,iPhone 14,2025-06-19T17:47:00.000Z,https://bstock.com/mobilecarrier/media/catalog/product/cache/0/image/210x/9df78eab33525d08d6e5fb8d27136e95/i/p/iphone14_897.jpg,"APL IPH 14 256GB, IPH 14",256GB,"RED, MDN, STL, YEL, PUR, BLU","J799D, J486D, J488D, A488D, E799D, E487D, A487D, E486D, J489D, A490D, S490D, E490D, A799D, J487D, A486D, J490D, E488D, S486D"
231765,"Apple Cell Phones - iPhone 14, 128GB - 65 Units - Grade B(T) - CT0079812A",CT0079812A,B(T),65,iPhone 14,2025-06-19T17:48:00.000Z,https://bstock.com/mobilecarrier/media/catalog/product/cache/0/image/210x/9df78eab33525d08d6e5fb8d27136e95/i/p/iphone14_896.jpg,IPH 14,128GB,"RED, YEL, MDN, STL, PUR, BLU","J482D, A484D, A482D, J798D, A483D, A798D, J484D, J485D, J483D, A481D, J481D, E482D, A485D, E481D"
231789,Apple Cell Phones - iPhone 14 - 19 Units - Grade B+(T) - CT0079980A,CT0079980A,B+(T),19,iPhone 14,2025-06-19T17:49:00.000Z,https://bstock.com/mobilecarrier/media/catalog/product/cache/0/image/210x/9df78eab33525d08d6e5fb8d27136e95/i/p/iphone14_896.jpg,IPH 14,"512GB, 128GB, 256GB","RED, MDN, STL, PUR, BLU","A495D, E492D, A494D, S487D, J493D, A481D, A491D, A492D, A486D, E491D"
231795,Apple Cell Phones - iPhone 14 - 19 Units - Grade A+(T) - CT0079984A,CT0079984A,A+(T),19,iPhone 14,2025-06-19T17:50:00.000Z,https://bstock.com/mobilecarrier/media/catalog/product/cache/0/image/210x/9df78eab33525d08d6e5fb8d27136e95/i/p/iphone14_896.jpg,IPH 14,"512GB, 256GB","RED, MDN, STL, PUR, BLU","A493D, A495D, A489D, A487D, S490D, J491D, E490D, A490D, J495D, J493D, A486D, E488D"
232001,Apple Cell Phones - iPhone 14 - 17 Units - Grade AA+(T) - CT0079993A,CT0079993A,AA+(T),17,iPhone 14,2025-06-19T17:51:00.000Z,https://bstock.com/mobilecarrier/media/catalog/product/cache/0/image/210x/9df78eab33525d08d6e5fb8d27136e95/i/p/iphone14_898.jpg,IPH 14,"512GB, 128GB, 256GB","RED, MDN, YEL, STL, PUR, BLU","A493D, A484D, A482D, S798D, A487D, A798D, J485D, A481D, E485D, S485D"
231929,Apple Cell Phones - iPhone SE (2022) - 101 Units - Grade C(T) - CT0079842A,CT0079842A,C(T),101,iPhone SE (2022),2025-06-19T17:52:00.000Z,https://bstock.com/mobilecarrier/media/catalog/product/cache/0/image/210x/9df78eab33525d08d6e5fb8d27136e95/i/p/iphonese2022_815.jpg,IPH SE22,"128GB, 64GB","RED, MDN, STL","J372D, S373D, E371D, J375D, E370D, J373D, J374D, A370D, A371D, S370D, E373D, J370D, J371D"
231901,Apple Cell Phones - iPhone SE (2022) - 27 Units - Grade B+(T) - CT0079931A,CT0079931A,B+(T),27,iPhone SE (2022),2025-06-19T17:53:00.000Z,https://bstock.com/mobilecarrier/media/catalog/product/cache/0/image/210x/9df78eab33525d08d6e5fb8d27136e95/i/p/iphonese2022_815.jpg,"IP SE22 U, APL IPH SE22, IPH SE22","128GB, 256GB, 64GB","RED, MDN, STL","J372D, A376D, E370D, J373D, J392D, A370D, A371D, S370D, J370D, S372D"
231875,Apple Cell Phones - iPhone SE (2022) - 26 Units - Grade B(T) - CT0079934A,CT0079934A,B(T),26,iPhone SE (2022),2025-06-19T17:54:00.000Z,https://bstock.com/mobilecarrier/media/catalog/product/cache/0/image/210x/9df78eab33525d08d6e5fb8d27136e95/i/p/iphonese2022_815.jpg,IPH SE22,"128GB, 256GB, 64GB","RED, MDN, STL","J375D, J377D, J373D, J374D, A372D, A370D, S371D, J370D, S372D, J371D"
231968,"Apple Cell Phones - iPhone 13 Pro Max, 128GB - 360 Units - Grade C(T) - CT0079766A",CT0079766A,C(T),360,iPhone 13 Pro Max,2025-06-19T17:55:00.000Z,https://bstock.com/mobilecarrier/media/catalog/product/cache/0/image/210x/9df78eab33525d08d6e5fb8d27136e95/i/p/iphone13promax_2603.jpg,IPH 13PM,128GB,"SLV, GRN, GLD, BLU, GPH","A194D, J194D, E195D, J366D, E366D, J193D, A193D, S194D, E194D, J196D, E196D, A195D, A196D, S196D, J195D, E193D, A366D, S195D, S193D"
231782,"Apple Cell Phones - iPhone 13 Pro Max, 256GB - 261 Units - Grade C(T) - CT0079768A",CT0079768A,C(T),261,iPhone 13 Pro Max,2025-06-19T17:56:00.000Z,https://bstock.com/mobilecarrier/media/catalog/product/cache/0/image/210x/9df78eab33525d08d6e5fb8d27136e95/i/p/iphone13promax_2601.jpg,IPH 13PM,256GB,"SLV, GRN, GLD, BLU, GPH","J199D, J198D, J200D, A367D, A199D, J197D, J367D, S199D, S200D, E200D, E197D, E198D, S197D, E199D, A200D, A197D"
231983,"Apple Cell Phones - iPhone 13 Pro Max, 512GB - 58 Units - Grade C(T) - CT0079820A",CT0079820A,C(T),58,iPhone 13 Pro Max,2025-06-19T17:57:00.000Z,https://bstock.com/mobilecarrier/media/catalog/product/cache/0/image/210x/9df78eab33525d08d6e5fb8d27136e95/i/p/iphone13promax_2603.jpg,IPH 13PM,512GB,"SLV, GRN, GLD, GPH, BLU","J201D, J204D, J202D, J368D, S203D, A368D, J203D, E201D, S201D"
232039,"Apple Cell Phones - iPhone 13 Pro, 128GB - 114 Units - Grade C(T) - CT0079787A",CT0079787A,C(T),114,iPhone 13 Pro,2025-06-19T17:58:00.000Z,https://bstock.com/mobilecarrier/media/catalog/product/cache/0/image/210x/9df78eab33525d08d6e5fb8d27136e95/i/p/iphone13pro_1936.jpg,IPH 13P,128GB,"SLV, GRN, GLD, BLU, GPH","A178D, S178D, J179D, E179D, J362D, E180D, S177D, A177D, J177D, J178D, A180D, J180D, S179D, S180D"
231949,"Apple Cell Phones - iPhone 13 Pro, 256GB - 96 Units - Grade C(T) - CT0079795A",CT0079795A,C(T),96,iPhone 13 Pro,2025-06-19T17:59:00.000Z,https://bstock.com/mobilecarrier/media/catalog/product/cache/0/image/210x/9df78eab33525d08d6e5fb8d27136e95/i/p/iphone13pro_1935.jpg,IPH 13P,256GB,"SLV, GRN, GLD, BLU, GPH","J181D, A181D, S181D, J182D, S182D, J363D, E184D, S183D, S184D, E181D, A184D, A183D, A363D, J184D, J183D, E182D, E363D"
231996,"Apple Cell Phones - iPhone 13 Pro, 512GB - 62 Units - Grade C(T) - CT0079817A",CT0079817A,C(T),62,iPhone 13 Pro,2025-06-19T18:00:00.000Z,https://bstock.com/mobilecarrier/media/catalog/product/cache/0/image/210x/9df78eab33525d08d6e5fb8d27136e95/i/p/iphone13pro_1935.jpg,IPH 13P,512GB,"SLV, GRN, GLD, GPH, BLU","J187D, J188D, A186D, J185D, E188D, S188D, J364D, E186D, S185D, J186D, E185D, A185D"
231825,Apple Cell Phones - iPhone 13 Pro - 18 Units - Grade B+(T) - CT0079990A,CT0079990A,B+(T),18,iPhone 13 Pro,2025-06-19T18:01:00.000Z,https://bstock.com/mobilecarrier/media/catalog/product/cache/0/image/210x/9df78eab33525d08d6e5fb8d27136e95/i/p/iphone13pro_1934.jpg,IPH 13P,"512GB, 128GB, 256GB","GRN, BLU, SLV, GPH","A362D, A178D, A181D, S181D, J182D, J362D, A177D, E181D, J177D, E364D, A180D"
231863,Apple Cell Phones - iPhone 13 Mini - 26 Units - Grade C(T) - CT0079940A,CT0079940A,C(T),26,iPhone 13 Mini,2025-06-19T18:02:00.000Z,https://bstock.com/mobilecarrier/media/catalog/product/cache/0/image/210x/9df78eab33525d08d6e5fb8d27136e95/i/p/iphone13mini_875.jpg,IPH 13M,"512GB, 128GB","BLU, MDN, PNK","S149D, E151D, J149D, J151D, S147D, J157D, J147D, S151D"
231924,Apple Cell Phones - iPhone 13 Mini - 5 Units - Grade B(T) - CT0080053A,CT0080053A,B(T),5,iPhone 13 Mini,2025-06-19T18:03:00.000Z,https://bstock.com/mobilecarrier/media/catalog/product/cache/0/image/210x/9df78eab33525d08d6e5fb8d27136e95/i/p/iphone13mini_875.jpg,IPH 13M,"512GB, 128GB","PNK, BLU, MDN, STL","A147D, E148D, J149D, J151D, J157D"
232022,"Apple Cell Phones - iPhone 13, 128GB - 531 Units - Grade C(T) - CT0079762A",CT0079762A,C(T),531,iPhone 13,2025-06-19T18:04:00.000Z,https://bstock.com/mobilecarrier/media/catalog/product/cache/0/image/210x/9df78eab33525d08d6e5fb8d27136e95/i/p/iphone13_2006.jpg,IPH 13,128GB,"RED, MDN, STL, GRN, PNK, BLU","S162D, E166D, A163D, E165D, A166D, J715D, J163D, E359D, J714D, J164D, A164D, A162D, J359D, S165D, E163D, S359D, E164D, E715D, J166D, A359D, J162D, J165D, A165D, E162D, S163D, S166D, S164D"
231928,"Apple Cell Phones - iPhone 13, 128GB - 178 Units - Grade B+(T) - CT0079778A",CT0079778A,B+(T),178,iPhone 13,2025-06-19T18:05:00.000Z,https://bstock.com/mobilecarrier/media/catalog/product/cache/0/image/210x/9df78eab33525d08d6e5fb8d27136e95/i/p/iphone13_2005.jpg,IPH 13,128GB,"RED, MDN, STL, GRN, PNK, BLU","S162D, E166D, A163D, E165D, A166D, J715D, J163D, E359D, U164D, J164D, A164D, A162D, S165D, J359D, S359D, A715D, A359D, J162D, A714D, A165D, E162D, S163D, S166D"
231920,"Apple Cell Phones - iPhone 13, 256GB - 100 Units - Grade C(T) - CT0079792A",CT0079792A,C(T),100,iPhone 13,2025-06-19T18:06:00.000Z,https://bstock.com/mobilecarrier/media/catalog/product/cache/0/image/210x/9df78eab33525d08d6e5fb8d27136e95/i/p/iphone13_2005.jpg,IPH 13,256GB,"RED, MDN, STL, GRN, PNK, BLU","A167D, S168D, S170D, A171D, S167D, S171D, E167D, J167D, J360D, E170D, J168D, J170D, J169D, A169D, J171D"
231987,Apple Cell Phones - iPhone 13 - 33 Units - Grade A+(T) - CT0079914A,CT0079914A,A+(T),33,iPhone 13,2025-06-19T18:07:00.000Z,https://bstock.com/mobilecarrier/media/catalog/product/cache/0/image/210x/9df78eab33525d08d6e5fb8d27136e95/i/p/iphone13_2006.jpg,IPH 13,"512GB, 128GB, 256GB","RED, MDN, STL, GRN, PNK, BLU","S168D, S162D, E166D, A163D, A172D, E165D, A166D, A164D, A162D, J359D, J176D, E163D, E172D, S359D, S165D, S167D, J174D, A359D, J162D, A165D, S166D"
231742,"Apple Cell Phones - iPhone 13, 256GB - 29 Units - Grade B(T) - CT0079930A",CT0079930A,B(T),29,iPhone 13,2025-06-19T18:08:00.000Z,https://bstock.com/mobilecarrier/media/catalog/product/cache/0/image/210x/9df78eab33525d08d6e5fb8d27136e95/i/p/iphone13_2004.jpg,IPH 13,256GB,"RED, MDN, STL, PNK, BLU","A167D, A171D, S171D, J167D, E167D, A168D, J168D, J170D, A169D, J171D"
231794,"Apple Cell Phones - iPhone 12 Pro Max, 128GB - 202 Units - Grade C(T) - CT0079772A",CT0079772A,C(T),202,iPhone 12 Pro Max,2025-06-19T18:09:00.000Z,https://bstock.com/mobilecarrier/media/catalog/product/cache/0/image/210x/9df78eab33525d08d6e5fb8d27136e95/i/p/iphone12promax_3993.jpg,IPH 12PM,128GB,"GPH, SLV, GLD, BLU","J900C, J903C, S902C, J901C, S903C, J902C, S900C, S901C"
231959,"Apple Cell Phones - iPhone 12 Pro Max, 256GB - 160 Units - Grade C(T) - CT0079779A",CT0079779A,C(T),160,iPhone 12 Pro Max,2025-06-19T18:10:00.000Z,https://bstock.com/mobilecarrier/media/catalog/product/cache/0/image/210x/9df78eab33525d08d6e5fb8d27136e95/i/p/iphone12promax_3995.jpg,IPH 12PM,256GB,"BLU, SLV, GLD, GPH","J905C, J907C, J904C, S907C, J906C, S906C, S904C"
231842,Apple Cell Phones - iPhone 12 Pro Max - 67 Units - Grade B+(T) - CT0079862A,CT0079862A,B+(T),67,iPhone 12 Pro Max,2025-06-19T18:11:00.000Z,https://bstock.com/mobilecarrier/media/catalog/product/cache/0/image/210x/9df78eab33525d08d6e5fb8d27136e95/i/p/iphone12promax_3994.jpg,IPH 12PM,"512GB, 128GB, 256GB","GPH, SLV, GLD, BLU","J909C, J903C, S911C, J904C, S910C, S907C, S906C, S905C, J908C, U905C, U907C, S908C, U900C, J907C, A900C, J910C, S903C, S904C, J900C, S902C, J902C"
231972,Apple Cell Phones - iPhone 12 Pro Max - 25 Units - Grade B(T) - CT0079948A,CT0079948A,B(T),25,iPhone 12 Pro Max,2025-06-19T18:12:00.000Z,https://bstock.com/mobilecarrier/media/catalog/product/cache/0/image/210x/9df78eab33525d08d6e5fb8d27136e95/i/p/iphone12promax_3995.jpg,IPH 12PM,"512GB, 128GB, 256GB","BLU, SLV, GLD, GPH","J900C, J903C, J907C, J904C, J905C, J911C, J901C, J906C, S903C, S904C, J902C, J908C"
231989,"Apple Cell Phones - iPhone 12 Pro Max, 512GB - 25 Units - Grade C(T) - CT0079958A",CT0079958A,C(T),25,iPhone 12 Pro Max,2025-06-19T18:13:00.000Z,https://bstock.com/mobilecarrier/media/catalog/product/cache/0/image/210x/9df78eab33525d08d6e5fb8d27136e95/i/p/iphone12promax_3995.jpg,IPH 12PM,512GB,"BLU, SLV, GLD, GPH","S908C, E908C, J910C, J911C, J909C, J908C"
231900,Apple Cell Phones - iPhone 12 Pro - 65 Units - Grade C(T) - CT0079864A,CT0079864A,C(T),65,iPhone 12 Pro,2025-06-19T18:14:00.000Z,https://bstock.com/mobilecarrier/media/catalog/product/cache/0/image/210x/9df78eab33525d08d6e5fb8d27136e95/i/p/iphone12pro_2401.jpg,IPH 12P,"512GB, 128GB, 256GB","GPH, SLV, GLD, BLU","J884C, S881C, J878C, J879C, S877C, J875C, S880C, J873C, J876C, S875C, J874C, J877C, J880C, U882C, J881C"
231774,Apple Cell Phones - iPhone 12 Pro - 20 Units - Grade B(T) - CT0079977A,CT0079977A,B(T),20,iPhone 12 Pro,2025-06-19T18:15:00.000Z,https://bstock.com/mobilecarrier/media/catalog/product/cache/0/image/210x/9df78eab33525d08d6e5fb8d27136e95/i/p/iphone12pro_2400.jpg,IPH 12P,"512GB, 128GB, 256GB","BLU, SLV, GLD, GPH","J884C, J878C, J879C, J882C, J883C, A880C, J874C, J877C, J880C, A881C, J881C"
231797,"Apple Cell Phones - iPhone 12, 64GB - 102 Units - Grade C(T) - CT0079791A",CT0079791A,C(T),102,iPhone 12,2025-06-19T18:16:00.000Z,https://bstock.com/mobilecarrier/media/catalog/product/cache/0/image/210x/9df78eab33525d08d6e5fb8d27136e95/i/p/iphone12_3468.jpg,IPH 12,64GB,"RED, GRN, PUR, BLK, WHT, BLU","J861C, E861C, A862C, J859C, A861C, J858C, J862C, S038E, S862C, S860C, A858C, J006D, S861C, S006D, S858C, J860C"
231796,"Apple Cell Phones - iPhone 12, 128GB - 100 Units - Grade C(T) - CT0079793A",CT0079793A,C(T),100,iPhone 12,2025-06-19T18:17:00.000Z,https://bstock.com/mobilecarrier/media/catalog/product/cache/0/image/210x/9df78eab33525d08d6e5fb8d27136e95/i/p/iphone12_3468.jpg,IPH 12,128GB,"RED, GRN, PUR, BLK, WHT, BLU","A866C, J007D, S007D, J866C, J863C, A863C, J867C, S863C, S866C, J864C, S864C, J865C, E863C"
231906,Apple Cell Phones - iPhone 12 - 26 Units - Grade B(T) - CT0079935A,CT0079935A,B(T),26,iPhone 12,2025-06-19T18:18:00.000Z,https://bstock.com/mobilecarrier/media/catalog/product/cache/0/image/210x/9df78eab33525d08d6e5fb8d27136e95/i/p/iphone12_3469.jpg,"IPH 12 256GB, IPH 12","256GB, 64GB","RED, GRN, PUR, BLK, WHT, BLU","J861C, J859C, A861C, J858C, J862C, J871C, J006D, J860C"
232003,"Apple Cell Phones - iPhone 12, 256GB - 25 Units - Grade C(T) - CT0079946A",CT0079946A,C(T),25,iPhone 12,2025-06-19T18:19:00.000Z,https://bstock.com/mobilecarrier/media/catalog/product/cache/0/image/210x/9df78eab33525d08d6e5fb8d27136e95/i/p/iphone12_3470.jpg,IPH 12,256GB,"RED, GRN, PUR, BLK, WHT","J008D, E868C, J869C, J868C, S868C, J870C, S870C, J872C, A868C"
232007,Apple Cell Phones - iPhone 12 - 25 Units - Grade B+(T) - CT0079953A,CT0079953A,B+(T),25,iPhone 12,2025-06-19T18:20:00.000Z,https://bstock.com/mobilecarrier/media/catalog/product/cache/0/image/210x/9df78eab33525d08d6e5fb8d27136e95/i/p/iphone12_3470.jpg,IPH 12,"128GB, 64GB","RED, GRN, BLK, WHT, BLU","E861C, J861C, E859C, J858C, J862C, S859C, A860C, J863C, S860C, A858C, S861C, S858C, J860C"
231821,Apple Cell Phones - iPhone 12 Mini - 94 Units - Grade C(T) - CT0079844A,CT0079844A,C(T),94,iPhone 12 Mini,2025-06-19T18:21:00.000Z,https://bstock.com/mobilecarrier/media/catalog/product/cache/0/image/210x/9df78eab33525d08d6e5fb8d27136e95/i/p/iphone12mini_1921.jpg,IPH 12M,"128GB, 256GB, 64GB","RED, GRN, PUR, BLK, WHT, BLU","S010D, J885C, A888C, J899C, J010D, S885C, E887C, E888C, A887C, S893C, J009D, J890C, J886C, S891C, S894C, S898C, E885C, J888C, J891C, J011D, A891C, J887C, J893C, A885C, J895C, S890C"
231848,Apple Cell Phones - iPhone 12 Mini - 18 Units - Grade B(T) - CT0079987A,CT0079987A,B(T),18,iPhone 12 Mini,2025-06-19T18:22:00.000Z,https://bstock.com/mobilecarrier/media/catalog/product/cache/0/image/210x/9df78eab33525d08d6e5fb8d27136e95/i/p/iphone12mini_1922.jpg,IPH 12M,"128GB, 256GB, 64GB","RED, GRN, PUR, BLK, WHT, BLU","J886C, E888C, A899C, J888C, J887C, J010D, J885C, J894C, J009D, J895C, J011D"
231838,Apple Cell Phones - iPhone SE (2020) - 30 Units - Grade C(T) - CT0079924A,CT0079924A,C(T),30,iPhone SE (2020),2025-06-19T18:23:00.000Z,https://bstock.com/mobilecarrier/media/catalog/product/cache/0/image/210x/9df78eab33525d08d6e5fb8d27136e95/i/p/iphonese2020_2272.jpg,"IPH SE20, IPH SE2","128GB, 64GB","RED, BLK, WHT","J480C, J477C, J481C, J817C, J482C, J479C, J478C"
231941,Apple Cell Phones - iPhone 11 Pro Max - 91 Units - Grade C(T) - CT0079845A,CT0079845A,C(T),91,iPhone 11 Pro Max,2025-06-19T18:24:00.000Z,https://bstock.com/mobilecarrier/media/catalog/product/cache/0/image/210x/9df78eab33525d08d6e5fb8d27136e95/i/p/iphone11promax_4395.jpg,"IPH 11 PRO MAX, IPH 11PM","512GB, 256GB, 64GB","GRN, SLV, SGY, GLD","J128C, J137C, J158C, S128C, J143C, J148C, J165C, J166C, J151C, S142C, S129C, J129C, J155C, J141C, A128C, J142C"
231919,Apple Cell Phones - iPhone 11 Pro Max - 24 Units - Grade B(T) - CT0079964A,CT0079964A,B(T),24,iPhone 11 Pro Max,2025-06-19T18:25:00.000Z,https://bstock.com/mobilecarrier/media/catalog/product/cache/0/image/210x/9df78eab33525d08d6e5fb8d27136e95/i/p/iphone11promax_4394.jpg,IPH 11PM,"512GB, 256GB, 64GB","GRN, SLV, SGY, GLD","J128C, J158C, S128C, J148C, J143C, J165C, J166C, J151C, U128C, J129C, J155C, J142C"
232017,Apple Cell Phones - iPhone 11 Pro - 21 Units - Grade B(T) - CT0079975A,CT0079975A,B(T),21,iPhone 11 Pro,2025-06-19T18:26:00.000Z,https://bstock.com/mobilecarrier/media/catalog/product/cache/0/image/210x/9df78eab33525d08d6e5fb8d27136e95/i/p/iphone11pro_2735.jpg,"IPH 11P, IPH 11 PRO","512GB, 256GB, 64GB","GRN, SLV, SGY, GLD","S133C, J133C, J147C, J149C, J146C, J132C, J157C, J144C, J164C"
232013,Apple Cell Phones - iPhone 11 - 223 Units - Grade C(T) - CT0079832A,CT0079832A,C(T),223,iPhone 11,2025-06-19T18:27:00.000Z,https://bstock.com/mobilecarrier/media/catalog/product/cache/0/image/210x/9df78eab33525d08d6e5fb8d27136e95/i/p/iphone11_4960.jpg,"IPHN 11, IPH 11","128GB, 256GB, 64GB","RED, GRN, PUR, BLK, WHT","S140C, J167C, J136C, J135C, J836C, J832C, J091D, S827C, J834C, S136C, J152C, J827C, J826C, J154C, S152C, J828C, J138C, J830C, J156C, J130C, J159C, S833C, J134C, J150C, J831C, J833C, J153C, J145C, J837C, S153C, S134C, J140C"
232044,Apple Cell Phones - iPhone 11 - 36 Units - Grade A+(T) - CT0079904A,CT0079904A,A+(T),36,iPhone 11,2025-06-19T18:28:00.000Z,https://bstock.com/mobilecarrier/media/catalog/product/cache/0/image/210x/9df78eab33525d08d6e5fb8d27136e95/i/p/iphone11_4961.jpg,IPH 11,"128GB, 256GB, 64GB","RED, YEL, GRN, PUR, BLK, WHT","J153C, J145C, J154C, J826C, J167C, J126C, J136C, J161C, J138C, J830C, J833C, J134C, S832C, S134C, J152C, S831C, S150C"
231998,Apple Cell Phones - iPhone 11 - 25 Units - Grade B+(T) - CT0079961A,CT0079961A,B+(T),25,iPhone 11,2025-06-19T18:29:00.000Z,https://bstock.com/mobilecarrier/media/catalog/product/cache/0/image/210x/9df78eab33525d08d6e5fb8d27136e95/i/p/iphone11_4960.jpg,IPH 11,"128GB, 256GB, 64GB","RED, GRN, PUR, BLK, WHT","J153C, J145C, J154C, J167C, J136C, S152C, J138C, J830C, J156C, J832C, J091D, J152C, J140C"
231879,Apple Cell Phones - iPhone XS Max - 70 Units - Grade C(T) - CT0079857A,CT0079857A,C(T),70,iPhone XS Max,2025-06-19T18:30:00.000Z,https://bstock.com/mobilecarrier/media/catalog/product/cache/0/image/210x/9df78eab33525d08d6e5fb8d27136e95/i/p/iphonexsmax_4411.jpg,IPH XSM,"512GB, 256GB, 64GB","SLV, SGY, GLD","J574B, J576B, J580B, J586B, J573B, S580B, J571B, S574B, J575B"
231785,Apple Cell Phones - iPhone XS Max - 17 Units - Grade B+(T) - CT0079996A,CT0079996A,B+(T),17,iPhone XS Max,2025-06-19T18:31:00.000Z,https://bstock.com/mobilecarrier/media/catalog/product/cache/0/image/210x/9df78eab33525d08d6e5fb8d27136e95/i/p/iphonexsmax_4410.jpg,IPH XSM,"512GB, 256GB, 64GB","SLV, SGY, GLD","J574B, J576B, J586B, J580B, J573B, J575B, J582B"
231745,Apple Cell Phones - iPhone XS - 25 Units - Grade C(T) - CT0079942A,CT0079942A,C(T),25,iPhone XS,2025-06-19T18:32:00.000Z,https://bstock.com/mobilecarrier/media/catalog/product/cache/0/image/210x/9df78eab33525d08d6e5fb8d27136e95/i/p/iphonexs_3152.jpg,IPH XS,"512GB, 256GB, 64GB","SLV, SGY, GLD","J560B, J566B, J563B, J565B, J564B, S560B, J569B, J562B"
231991,Apple Cell Phones - iPhone XS - 25 Units - Grade B+(T) - CT0079941A,CT0079941A,B+(T),25,iPhone XS,2025-06-19T18:33:00.000Z,https://bstock.com/mobilecarrier/media/catalog/product/cache/0/image/210x/9df78eab33525d08d6e5fb8d27136e95/i/p/iphonexs_3153.jpg,IPH XS,"512GB, 256GB, 64GB","SLV, SGY, GLD","J560B, J566B, J563B, J565B, J561B, J564B, S560B, J562B"
231878,Apple Cell Phones - iPhone XR - 65 Units - Grade C(T) - CT0079863A,CT0079863A,C(T),65,iPhone XR,2025-06-19T18:34:00.000Z,https://bstock.com/mobilecarrier/media/catalog/product/cache/0/image/210x/9df78eab33525d08d6e5fb8d27136e95/i/p/iphonexr_4534.jpg,IPH XR,"128GB, 256GB, 64GB","COR, RED, YEL, BLK, WHT, BLU","J592B, J850C, J598B, J590B, J599B, S602B, S596B, J844C, J595B, J596B, J605B, J589B, J602B, J603B, J601B, J600B"
231932,Apple Cell Phones - iPhone XR - 16 Units - Grade B(T) - CT0080002A,CT0080002A,B(T),16,iPhone XR,2025-06-19T18:35:00.000Z,https://bstock.com/mobilecarrier/media/catalog/product/cache/0/image/210x/9df78eab33525d08d6e5fb8d27136e95/i/p/iphonexr_4535.jpg,IPH XR,"128GB, 64GB","RED, YEL, BLK, WHT, BLU","A589B, J592B, J593B, J590B, J599B, J844C, J598B, J596B, J589B, J600B"
231951,Apple Cell Phones - iPhone X - 51 Units - Grade C(T) - CT0079878A,CT0079878A,C(T),51,iPhone X,2025-06-19T18:36:00.000Z,https://bstock.com/mobilecarrier/media/catalog/product/cache/0/image/210x/9df78eab33525d08d6e5fb8d27136e95/i/p/iphonex_4671.jpg,IPH X,"256GB, 64GB","SLV, SGY","J173B, S172B, J172B, J253B, J175B, J174B, J256B"
231905,"Apple Cell Phones - iPhone X, 64GB - 1 Unit - Grade B+(T) - CT0080071A",CT0080071A,B+(T),1,iPhone X,2025-06-19T18:37:00.000Z,https://bstock.com/mobilecarrier/media/catalog/product/cache/0/image/210x/9df78eab33525d08d6e5fb8d27136e95/i/p/iphonex_4670.jpg,IPH X,64GB,SGY,J172B
231748,Apple Cell Phones - iPhone 8 Plus - 51 Units - Grade C(T) - CT0079877A,CT0079877A,C(T),51,iPhone 8 Plus,2025-06-19T18:38:00.000Z,https://bstock.com/mobilecarrier/media/catalog/product/cache/0/image/210x/9df78eab33525d08d6e5fb8d27136e95/i/p/iphone8plus_4148.jpg,IPH 8P,"128GB, 256GB, 64GB","RED, SLV, SGY, GLD","J501B, J502B, J167B, J171B, J170B, J166B, J109C, J169B, J168B"
231986,Apple Cell Phones - iPhone 8 - 25 Units - Grade C(T) - CT0079944A,CT0079944A,C(T),25,iPhone 8,2025-06-19T18:39:00.000Z,https://bstock.com/mobilecarrier/media/catalog/product/cache/0/image/210x/9df78eab33525d08d6e5fb8d27136e95/i/p/iphone8_3839.jpg,IPH 8,"128GB, 256GB, 64GB","RED, SLV, SGY, GLD","J164B, J503B, J161B, J163B, J162B, J111C, J160B, J165B"
231776,Apple Cell Phones - iPhone 7 Plus - 32 Units - Grade C(T) - CT0079916A,CT0079916A,C(T),32,iPhone 7 Plus,2025-06-19T18:40:00.000Z,https://bstock.com/mobilecarrier/media/catalog/product/cache/0/image/210x/9df78eab33525d08d6e5fb8d27136e95/i/p/iphone8_3837.jpg,"IPH 7P, IPHONE 7P","32GB, 128GB, 256GB","SLV, RED, RGD, BLK, GLD, JBK","J496A, J494A, J493A, J490A, J497A, J491A, S503A, J488A, J489A, J950A, J517A, J945A"
232020,Samsung Cell Phones - Galaxy S25 Ultra 5G - 85 Units - Grade C(T) - CT0079849A,CT0079849A,C(T),85,,2025-06-19T18:41:00.000Z,https://bstock.com/mobilecarrier/media/catalog/product/cache/0/image/210x/9df78eab33525d08d6e5fb8d27136e95/g/a/galaxys25ultra5g_50.jpg,SAM GS25U,,"GRY, SLV, BLK, BLU","J846E, U848E, A845E, J844E, U850E, S850E, A846E, S849E, E843E, J849E, J848E, A849E, E846E, U843E, A847E, A848E, J847E, E847E, S847E, A843E, J843E, U847E, J850E, J845E, U846E"
231891,Samsung Cell Phones - Galaxy S25 Ultra 5G - 33 Units - Grade B(T) - CT0079911A,CT0079911A,B(T),33,,2025-06-19T18:42:00.000Z,https://bstock.com/mobilecarrier/media/catalog/product/cache/0/image/210x/9df78eab33525d08d6e5fb8d27136e95/g/a/galaxys25ultra5g_49.jpg,SAM GS25U,,"GRY, SLV, BLK, BLU","U847E, J849E, A843E, J843E, U848E, U844E, A850E, U843E, U845E, U846E, A844E"
231791,Samsung Cell Phones - Galaxy S25 Ultra 5G - 25 Units - Grade B+(T) - CT0079956A,CT0079956A,B+(T),25,,2025-06-19T18:43:00.000Z,https://bstock.com/mobilecarrier/media/catalog/product/cache/0/image/210x/9df78eab33525d08d6e5fb8d27136e95/g/a/galaxys25ultra5g_48.jpg,SAM GS25U,,"GRY, SLV, BLK, BLU","U847E, S845E, U848E, U844E, A845E, U843E, U845E, S843E, U846E, J843E"
232046,Samsung Cell Phones - Galaxy S25 Ultra 5G - 25 Units - Grade A+(T) - CT0079952A,CT0079952A,A+(T),25,,2025-06-19T18:44:00.000Z,https://bstock.com/mobilecarrier/media/catalog/product/cache/0/image/210x/9df78eab33525d08d6e5fb8d27136e95/g/a/galaxys25ultra5g_51.jpg,SAM GS25U,,"GRY, SLV, BLK, BLU","A843E, J846E, A849E, U848E, A845E, A844E, E846E, U843E, U850E, A846E, U846E, J843E"
232021,Samsung Cell Phones - Galaxy S25+ 5G - 17 Units - Grade B+(T) - CT0079998A,CT0079998A,B+(T),17,,2025-06-19T18:45:00.000Z,https://bstock.com/mobilecarrier/media/catalog/product/cache/0/image/210x/9df78eab33525d08d6e5fb8d27136e95/g/a/galaxys25plus_30.jpg,SAM GS25P,,"NVY, MNT, SLV, BLU","U839E, U835E, J837E, U841E, U840E, U837E"
231869,Samsung Cell Phones - Galaxy S24 Ultra - 63 Units - Grade C(T) - CT0079815A,CT0079815A,C(T),63,,2025-06-19T18:46:00.000Z,https://bstock.com/mobilecarrier/media/catalog/product/cache/0/image/210x/9df78eab33525d08d6e5fb8d27136e95/g/a/galaxys24ultra_298.jpg,SAM GS24U,,"GRY, YEL, BLK, VIO","J067E, A067E, E073E, J073E, S073E, J071E, S067E, J069E, A071E, A073E, A069E, S069E"
231911,Samsung Cell Phones - Galaxy S24 Ultra - 47 Units - Grade B+(T) - CT0079891A,CT0079891A,B+(T),47,,2025-06-19T18:47:00.000Z,https://bstock.com/mobilecarrier/media/catalog/product/cache/0/image/210x/9df78eab33525d08d6e5fb8d27136e95/g/a/galaxys24ultra_298.jpg,SAM GS24U,,"BLK, VIO","U066E, A066E, A070E"
231839,Samsung Cell Phones - Galaxy S24 Ultra - 31 Units - Grade A+(T) - CT0079923A,CT0079923A,A+(T),31,,2025-06-19T18:48:00.000Z,https://bstock.com/mobilecarrier/media/catalog/product/cache/0/image/210x/9df78eab33525d08d6e5fb8d27136e95/g/a/galaxys24ultra_298.jpg,SAM GS24U,,"GRY, BLK, VIO","S066E, J067E, A067E, A066E, S067E, A070E, A071E, U066E, J070E, S070E, A068E, J066E"
231852,Samsung Cell Phones - Galaxy S24 Ultra - 27 Units - Grade B(T) - CT0079932A,CT0079932A,B(T),27,,2025-06-19T18:49:00.000Z,https://bstock.com/mobilecarrier/media/catalog/product/cache/0/image/210x/9df78eab33525d08d6e5fb8d27136e95/g/a/galaxys24ultra_298.jpg,SAM GS24U,,"GRY, BLK, VIO","J067E, A066E, A070E, A071E, U066E, J070E, A068E, J066E"
231832,Samsung Cell Phones - Galaxy S24+ - 44 Units - Grade C(T) - CT0079892A,CT0079892A,C(T),44,,2025-06-19T18:50:00.000Z,https://bstock.com/mobilecarrier/media/catalog/product/cache/0/image/210x/9df78eab33525d08d6e5fb8d27136e95/g/a/galaxys24plus_190.jpg,SAM GS24P,,"GRY, YEL, BLK, VIO","A063E, S059E, A059E, J065E, A065E, E065E, A050E, S061E, J050E, A060E, J061E, J059E, A061E, S065E"
231981,Samsung Cell Phones - Galaxy S24 FE - 37 Units - Grade C(T) - CT0079902A,CT0079902A,C(T),37,,2025-06-19T18:51:00.000Z,https://bstock.com/mobilecarrier/media/catalog/product/cache/0/image/210x/9df78eab33525d08d6e5fb8d27136e95/g/a/galaxys24fe_89.jpg,SAM S24 FE,,GPH,"U342E, E342E, S342E, J342E, A342E"
231762,Samsung Cell Phones - Galaxy S24 FE - 25 Units - Grade B+(T) - CT0079959A,CT0079959A,B+(T),25,,2025-06-19T18:52:00.000Z,https://bstock.com/mobilecarrier/media/catalog/product/cache/0/image/210x/9df78eab33525d08d6e5fb8d27136e95/g/a/galaxys24fe_88.jpg,SAM S24 FE,,GPH,"U342E, A342E"
232037,Samsung Cell Phones - Galaxy S24 - 51 Units - Grade C(T) - CT0079879A,CT0079879A,C(T),51,,2025-06-19T18:53:00.000Z,https://bstock.com/mobilecarrier/media/catalog/product/cache/0/image/210x/9df78eab33525d08d6e5fb8d27136e95/g/a/galaxys24_219.jpg,SAM GS24,,"GRY, YEL, BLK, VIO","A062E, J054E, J055E, J056E, S058E, A052E, S053E, J053E, J052E, A053E, S052E, A055E, J058E, A056E"
231818,Samsung Cell Phones - Galaxy S23 Ultra 5G - 178 Units - Grade C(T) - CT0079777A,CT0079777A,C(T),178,,2025-06-19T18:54:00.000Z,https://bstock.com/mobilecarrier/media/catalog/product/cache/0/image/210x/9df78eab33525d08d6e5fb8d27136e95/g/a/galaxys23ultra5g_628.jpg,SAM GS23U,,"GRN, CRM, BLK, LVD","A705D, J711D, S710D, A710D, E710D, E705D, J710D, J705D, J707D"
231759,Samsung Cell Phones - Galaxy S23 Ultra 5G - 150 Units - Grade C(T) - CT0079836A,CT0079836A,C(T),150,,2025-06-19T18:55:00.000Z,https://bstock.com/mobilecarrier/media/catalog/product/cache/0/image/210x/9df78eab33525d08d6e5fb8d27136e95/g/a/galaxys23ultra5g_628.jpg,SAM GS23U,,"GRN, CRM, BLK, LVD","A707D, A705D, A711D, S710D, J711D, A710D, E710D, E707D, E711D, E705D, J710D, J705D, J707D"
231925,Samsung Cell Phones - Galaxy S23 Ultra 5G - 126 Units - Grade B+(T) - CT0079784A,CT0079784A,B+(T),126,,2025-06-19T18:56:00.000Z,https://bstock.com/mobilecarrier/media/catalog/product/cache/0/image/210x/9df78eab33525d08d6e5fb8d27136e95/g/a/galaxys23ultra5g_629.jpg,SAM GS23U,,"GRN, BLK","U710D, A710D, A705D, S710D"
231933,Samsung Cell Phones - Galaxy S23 Ultra 5G - 126 Units - Grade C(T) - CT0079785A,CT0079785A,C(T),126,,2025-06-19T18:57:00.000Z,https://bstock.com/mobilecarrier/media/catalog/product/cache/0/image/210x/9df78eab33525d08d6e5fb8d27136e95/g/a/galaxys23ultra5g_630.jpg,SAM GS23U,,"GRN, CRM, BLK, LVD","E706D, A706D, J706D, J708D, J704D, A709D, J709D, E708D, E709D, A704D, S704D, A708D, S709D"
231788,Samsung Cell Phones - Galaxy S23 Ultra 5G - 63 Units - Grade B+(T) - CT0079816A,CT0079816A,B+(T),63,,2025-06-19T18:58:00.000Z,https://bstock.com/mobilecarrier/media/catalog/product/cache/0/image/210x/9df78eab33525d08d6e5fb8d27136e95/g/a/galaxys23ultra5g_628.jpg,SAM GS23U,,"GRN, BLK, LVD","A706D, J708D, A709D, J709D, A708D"
231763,Samsung Cell Phones - Galaxy S23 Ultra 5G - 25 Units - Grade B+(T) - CT0079954A,CT0079954A,B+(T),25,,2025-06-19T18:59:00.000Z,https://bstock.com/mobilecarrier/media/catalog/product/cache/0/image/210x/9df78eab33525d08d6e5fb8d27136e95/g/a/galaxys23ultra5g_628.jpg,SAM GS23U,,"GRN, BLK, LVD","A705D, S710D, A711D, A710D, S705D, J710D"
231935,Samsung Cell Phones - Galaxy S23+ 5G - 49 Units - Grade B+(T) - CT0079888A,CT0079888A,B+(T),49,,2025-06-19T19:00:00.000Z,https://bstock.com/mobilecarrier/media/catalog/product/cache/0/image/210x/9df78eab33525d08d6e5fb8d27136e95/g/a/galaxys23plus5g_416.jpg,SAM GS23P,,"GRN, BLK","A671D, J671D, A674D"
232054,Samsung Cell Phones - Galaxy S23+ 5G - 40 Units - Grade C(T) - CT0079897A,CT0079897A,C(T),40,,2025-06-19T19:01:00.000Z,https://bstock.com/mobilecarrier/media/catalog/product/cache/0/image/210x/9df78eab33525d08d6e5fb8d27136e95/g/a/galaxys23plus5g_417.jpg,"SAM GS23P, SAM GS23P 512",,"GRN, CRM, BLK, LVD","J670D, A668D, A667D, J667D, S671D, E669D, A671D, A672D, E671D, J674D, J671D, E670D, J668D, A674D"
231790,Samsung Cell Phones - Galaxy S23 FE - 50 Units - Grade C(T) - CT0079886A,CT0079886A,C(T),50,,2025-06-19T19:02:00.000Z,https://bstock.com/mobilecarrier/media/catalog/product/cache/0/image/210x/9df78eab33525d08d6e5fb8d27136e95/g/a/galaxys23fe_235.jpg,SAM S23,,GRY,"J859D, A859D, S859D, E859D"
231800,Samsung Cell Phones - Galaxy S23 5G - 80 Units - Grade C(T) - CT0079852A,CT0079852A,C(T),80,,2025-06-19T19:03:00.000Z,https://bstock.com/mobilecarrier/media/catalog/product/cache/0/image/210x/9df78eab33525d08d6e5fb8d27136e95/g/a/galaxys235g_507.jpg,"SAM GS23 128, SAM GS23",,"GRN, CRM, BLK, LVD","E662D, S661D, J662D, E661D, A661D, J660D, J661D, A660D, E659D, J659D, S662D, A659D, A662D, S666D"
232047,Samsung Cell Phones - Galaxy S23 5G - 50 Units - Grade B+(T) - CT0079827A,CT0079827A,B+(T),50,,2025-06-19T19:04:00.000Z,https://bstock.com/mobilecarrier/media/catalog/product/cache/0/image/210x/9df78eab33525d08d6e5fb8d27136e95/g/a/galaxys235g_509.jpg,"SAM GS23 128, SAM GS23",,"GRN, BLK, LVD","A659D, J661D, A662D, A661D"
231830,Samsung Cell Phones - Galaxy S23 5G - 33 Units - Grade B+(T) - CT0079912A,CT0079912A,B+(T),33,,2025-06-19T19:05:00.000Z,https://bstock.com/mobilecarrier/media/catalog/product/cache/0/image/210x/9df78eab33525d08d6e5fb8d27136e95/g/a/galaxys235g_508.jpg,"SAM GS23 128, SAM GS23",,BLK,"A662D, U662D, A666D"
231824,Samsung Cell Phones - Galaxy S22 Ultra 5G - 180 Units - Grade C(T) - CT0079775A,CT0079775A,C(T),180,,2025-06-19T19:06:00.000Z,https://bstock.com/mobilecarrier/media/catalog/product/cache/0/image/210x/9df78eab33525d08d6e5fb8d27136e95/g/a/galaxys22ultra5g_1266.jpg,SAM GS22U 128,,"GRN, BUR, BLK, WHT","J298D, S298D, J297D, A298D, E298D, J302D, J305D"
232005,Samsung Cell Phones - Galaxy S22 Ultra 5G - 106 Units - Grade C(T) - CT0079840A,CT0079840A,C(T),106,,2025-06-19T19:07:00.000Z,https://bstock.com/mobilecarrier/media/catalog/product/cache/0/image/210x/9df78eab33525d08d6e5fb8d27136e95/g/a/galaxys22ultra5g_1268.jpg,"SAM GS22U, SAM GS22U 256, SAM GS22U 512",,"GRN, BUR, BLK, WHT","J296D, E297D, A300D, J307D, A297D, J300D, S303D, J306D, U303D, E300D, J303D, S297D, S299D, J304D, S305D, S296D, S301D, A303D, E303D, J299D, J301D, S300D"
231868,Samsung Cell Phones - Galaxy S22 5G - 68 Units - Grade C(T) - CT0079811A,CT0079811A,C(T),68,,2025-06-19T19:08:00.000Z,https://bstock.com/mobilecarrier/media/catalog/product/cache/0/image/210x/9df78eab33525d08d6e5fb8d27136e95/g/a/galaxys225g_910.jpg,"SAM GS22 128, SAM GS22",,"GRN, PUR, BLK, PNK, WHT","S280D, J279D, J280D, E284D, J464D, S281D, J281D, A280D, A464D, E280D, J284D, A284D, A281D"
231992,Samsung Cell Phones - Galaxy S22 5G - 61 Units - Grade B+(T) - CT0079818A,CT0079818A,B+(T),61,,2025-06-19T19:09:00.000Z,https://bstock.com/mobilecarrier/media/catalog/product/cache/0/image/210x/9df78eab33525d08d6e5fb8d27136e95/g/a/galaxys225g_911.jpg,"SAM GS22 128, SAM GS22",,"GRN, PUR, BLK, PNK","S280D, J280D, U280D, J464D, A280D, E280D, J284D, A284D, A281D"
231756,Samsung Cell Phones - Galaxy S22 5G - 59 Units - Grade C(T) - CT0079870A,CT0079870A,C(T),59,,2025-06-19T19:10:00.000Z,https://bstock.com/mobilecarrier/media/catalog/product/cache/0/image/210x/9df78eab33525d08d6e5fb8d27136e95/g/a/galaxys225g_909.jpg,"SAM GS22, SAM GS22 256",,"GRN, BLK, WHT, PNK","E277D, J280D, E283D, J282D, S284D, J283D, S283D, J277D, A283D, A280D, J281D, E280D, A281D"
232053,Samsung Cell Phones - Galaxy S22 5G - 17 Units - Grade A+(T) - CT0079992A,CT0079992A,A+(T),17,,2025-06-19T19:11:00.000Z,https://bstock.com/mobilecarrier/media/catalog/product/cache/0/image/210x/9df78eab33525d08d6e5fb8d27136e95/g/a/galaxys225g_912.jpg,"SAM GS22, SAM GS22 256",,BLK,"S280D, J280D, J283D, S283D, A280D"
231974,Samsung Cell Phones - Galaxy S21 Ultra 5G - 26 Units - Grade C(T) - CT0079937A,CT0079937A,C(T),26,,2025-06-19T19:12:00.000Z,https://bstock.com/mobilecarrier/media/catalog/product/cache/0/image/210x/9df78eab33525d08d6e5fb8d27136e95/g/a/galaxys21ultra_1264.jpg,"SAM GS21U BBY, SAM GS21U",,"SLV, BLK, BLU","S927C, J922C, J065D, J927C, J928C"
231769,Samsung Cell Phones - Galaxy S21 FE 5G - 54 Units - Grade C(T) - CT0079824A,CT0079824A,C(T),54,,2025-06-19T19:13:00.000Z,https://bstock.com/mobilecarrier/media/catalog/product/cache/0/image/210x/9df78eab33525d08d6e5fb8d27136e95/g/a/galaxys21fe5g_667.jpg,"SAM S21FE, SAM GS21 FE, SAM GS21 FE 128",,"LVD, GPH","E034D, E430D, S430D, J036D, J430D, A429D, J034D, A036D, J429D, A430D"
231965,Samsung Cell Phones - Galaxy S21 5G - 40 Units - Grade C(T) - CT0079896A,CT0079896A,C(T),40,,2025-06-19T19:14:00.000Z,https://bstock.com/mobilecarrier/media/catalog/product/cache/0/image/210x/9df78eab33525d08d6e5fb8d27136e95/g/a/galaxys21_1081.jpg,"SAM GS21 128, SAM GS21",,"GRY, VIO, PNK","S919C, J920C, U920C, S921C, J929C, J919C"
231918,"Samsung Cell Phones - Galaxy S20+ 5G, 128GB - 25 Units - Grade C(T) - CT0079947A",CT0079947A,C(T),25,,2025-06-19T19:15:00.000Z,https://bstock.com/mobilecarrier/media/catalog/product/cache/0/image/210x/9df78eab33525d08d6e5fb8d27136e95/g/a/galaxys20plus5g_1020.jpg,SAM GS20P5,128GB,"GRY, BLK, BLU","J285C, J251C, S261C, S252C, J252C"
231973,"Samsung Cell Phones - Galaxy S20 Ultra 5G, 128GB - 30 Units - Grade C(T) - CT0079926A",CT0079926A,C(T),30,,2025-06-19T19:16:00.000Z,https://bstock.com/mobilecarrier/media/catalog/product/cache/0/image/210x/9df78eab33525d08d6e5fb8d27136e95/g/a/galaxys20ultra5g_986.jpg,"SAM GS20U5, SAM GS20U",128GB,"GRY, BLK","S262C, J249C, J262C"
232006,Samsung Cell Phones - Galaxy S20 FE 5G - 35 Units - Grade C(T) - CT0079909A,CT0079909A,C(T),35,,2025-06-19T19:17:00.000Z,https://bstock.com/mobilecarrier/media/catalog/product/cache/0/image/210x/9df78eab33525d08d6e5fb8d27136e95/g/a/galaxys20fe5g_1314.jpg,SAM S20 FE 5G,,NVY,"E691C, J691C, S691C, A691C"
231802,Samsung Cell Phones - Galaxy S10 - 1 Unit - Grade A+(T) - CT0080072A,CT0080072A,A+(T),1,,2025-06-19T19:18:00.000Z,https://bstock.com/mobilecarrier/media/catalog/product/cache/0/image/210x/9df78eab33525d08d6e5fb8d27136e95/g/a/galaxys10_1265.jpg,SAM GS10,128,BLU,J845B
232023,Samsung Cell Phones - Galaxy Z Fold6 5G - 50 Units - Grade C(T) - CT0079884A,CT0079884A,C(T),50,,2025-06-19T19:19:00.000Z,https://bstock.com/mobilecarrier/media/catalog/product/cache/0/image/210x/9df78eab33525d08d6e5fb8d27136e95/g/a/galaxyzfold6_119.jpg,SAM FOLD6,,"GRY, NVY, SLV, PNK","J197E, J196E, A201E, U197E, S202E, A197E, S196E, J202E, E201E, E197E, S197E, S201E, A196E, J195E, A202E, J201E"
231845,Samsung Cell Phones - Galaxy Z Fold6 5G - 22 Units - Grade B+(T) - CT0079972A,CT0079972A,B+(T),22,,2025-06-19T19:20:00.000Z,https://bstock.com/mobilecarrier/media/catalog/product/cache/0/image/210x/9df78eab33525d08d6e5fb8d27136e95/g/a/galaxyzfold6_118.jpg,"SAM FOLD6 512, SAM FOLD6",,"NVY, SLV, PNK","U197E, A197E, U202E, A194E, U196E, A202E, J195E"
231895,Samsung Cell Phones - Galaxy Z Fold5 5G - 111 Units - Grade C(T) - CT0079839A,CT0079839A,C(T),111,,2025-06-19T19:21:00.000Z,https://bstock.com/mobilecarrier/media/catalog/product/cache/0/image/210x/9df78eab33525d08d6e5fb8d27136e95/g/a/galaxyzfold55g_295.jpg,SAM FOLD5,,"CRM, BLK, BLU","J813D, A819D, J816D, E819D, A813D, S819D, A814D, J814D, J815D, S817D, S815D, J819D, J817D, E813D, E814D, S814D, S813D, A817D, A816D, S816D"
231970,Samsung Cell Phones - Galaxy Z Fold4 5G - 73 Units - Grade C(T) - CT0079807A,CT0079807A,C(T),73,,2025-06-19T19:22:00.000Z,https://bstock.com/mobilecarrier/media/catalog/product/cache/0/image/210x/9df78eab33525d08d6e5fb8d27136e95/g/a/galaxyzfold45g_568.jpg,"SAM FOLD4 256, SAM FOLD4",,"GRY, BLK","A448D, J450D, S450D, E450D, A450D, S448D, J448D"
231771,Samsung Cell Phones - Galaxy Z Fold4 5G - 53 Units - Grade C(T) - CT0079874A,CT0079874A,C(T),53,,2025-06-19T19:23:00.000Z,https://bstock.com/mobilecarrier/media/catalog/product/cache/0/image/210x/9df78eab33525d08d6e5fb8d27136e95/g/a/galaxyzfold45g_567.jpg,"SAM FOLD4, SAM FOLD4 512",,"GRY, BGE, BLK","D445DAR, J446D, A445D, E446D, A446D, J447D, S445D, S446D, J449D, J445D"
231812,Samsung Cell Phones - Galaxy Z Fold4 5G - 19 Units - Grade A+(T) - CT0079983A,CT0079983A,A+(T),19,,2025-06-19T19:24:00.000Z,https://bstock.com/mobilecarrier/media/catalog/product/cache/0/image/210x/9df78eab33525d08d6e5fb8d27136e95/g/a/galaxyzfold45g_567.jpg,"SAM FOLD4 512, SAM FOLD4 256, SAM FOLD 4, SAM FOLD4",,"GRY, BGE, BLK","S450D, J450D, S447D, A445D, A446D, S445D, S446D, J449D, J445D, S448D, J448D"
232018,Samsung Cell Phones - Galaxy Z Fold3 5G - 64 Units - Grade C(T) - CT0079813A,CT0079813A,C(T),64,,2025-06-19T19:25:00.000Z,https://bstock.com/mobilecarrier/media/catalog/product/cache/0/image/210x/9df78eab33525d08d6e5fb8d27136e95/g/a/galaxyfold35_1210.jpg,"SAM FOLD3, SAM FOLD3 256",,"GRN, SLV, BLK","S054D, J053D, S040D, J040D, A040D, J054D"
231946,Samsung Cell Phones - Galaxy Z Fold3 5G - 18 Units - Grade C(T) - CT0079989A,CT0079989A,C(T),18,,2025-06-19T19:26:00.000Z,https://bstock.com/mobilecarrier/media/catalog/product/cache/0/image/210x/9df78eab33525d08d6e5fb8d27136e95/g/a/galaxyfold35_1210.jpg,SAM FOLD3 512,,BLK,"J055D, S055D"
231955,Samsung Cell Phones - Galaxy Z Flip6 - 50 Units - Grade C(T) - CT0079885A,CT0079885A,C(T),50,,2025-06-19T19:27:00.000Z,https://bstock.com/mobilecarrier/media/catalog/product/cache/0/image/210x/9df78eab33525d08d6e5fb8d27136e95/g/a/galaxyzflip6_130.jpg,SAM FLIP6,,"MNT, SLV, BLU, YEL","J198E, A193E, S200E, A189E, J193E, J191E, A191E, J189E, J199E, U200E, J190E, S193E, J200E, A200E"
231926,Samsung Cell Phones - Galaxy Z Flip6 - 36 Units - Grade B+(T) - CT0079905A,CT0079905A,B+(T),36,,2025-06-19T19:28:00.000Z,https://bstock.com/mobilecarrier/media/catalog/product/cache/0/image/210x/9df78eab33525d08d6e5fb8d27136e95/g/a/galaxyzflip6_129.jpg,SAM FLIP6,,"MNT, SLV, BLU","A193E, U189E, A189E, J189E, U193E, A192E"
231874,Samsung Cell Phones - Galaxy Z Flip5 5G - 102 Units - Grade C(T) - CT0079841A,CT0079841A,C(T),102,,2025-06-19T19:29:00.000Z,https://bstock.com/mobilecarrier/media/catalog/product/cache/0/image/210x/9df78eab33525d08d6e5fb8d27136e95/g/a/galaxyzflip5_5g_321.jpg,"SAM FLIP5, SAM FLIP 5",,"LVD, MNT, CRM, GPH","S818D, E818D, S820D, A823D, A821D, J858D, S858D, A824D, E821D, A818D, J823D, A825D, A822D, J825D, J818D, J820D, J822D, J821D, S821D, J824D"
231829,Samsung Cell Phones - Galaxy Z Flip5 5G - 27 Units - Grade B+(T) - CT0079933A,CT0079933A,B+(T),27,,2025-06-19T19:30:00.000Z,https://bstock.com/mobilecarrier/media/catalog/product/cache/0/image/210x/9df78eab33525d08d6e5fb8d27136e95/g/a/galaxyzflip5_5g_320.jpg,"SAM FLIP5, SAM FLIP 5",,"LVD, MNT, CRM, GPH","A824D, A821D, A822D, A818D, J825D, J818D, J858D, S822D, S823D, S858D, J822D, J823D, E824D, A823D, A825D"
231952,Samsung Cell Phones - Galaxy Z Flip5 5G - 19 Units - Grade A+(T) - CT0079982A,CT0079982A,A+(T),19,,2025-06-19T19:31:00.000Z,https://bstock.com/mobilecarrier/media/catalog/product/cache/0/image/210x/9df78eab33525d08d6e5fb8d27136e95/g/a/galaxyzflip5_5g_322.jpg,"SAM FLIP5, SAM FLIP5 256",,"LVD, CRM, GPH","S818D, A826D, A820D, A818D, J818D, J858D, S822D, J826D, J820D"
231835,Samsung Cell Phones - Galaxy Z Flip4 5G - 58 Units - Grade C(T) - CT0079871A,CT0079871A,C(T),58,,2025-06-19T19:32:00.000Z,https://bstock.com/mobilecarrier/media/catalog/product/cache/0/image/210x/9df78eab33525d08d6e5fb8d27136e95/g/a/galaxyzflip4_619.jpg,"SAM FLIP4, SAM FLIP 4, SAM FLIP4 128, SAM FLIP4 128 SMF721U PUR",,"GPH, PUR, BLU, PNK","J441D, J436D, A441D, S441D, J439D, J451D, U451D, J437D, J443D, A438D, S435D, S451D, A436D, U439D"
231778,Samsung Cell Phones - Galaxy Z Flip3 5G - 15 Units - Grade C(T) - CT0080010A,CT0080010A,C(T),15,,2025-06-19T19:33:00.000Z,https://bstock.com/mobilecarrier/media/catalog/product/cache/0/image/210x/9df78eab33525d08d6e5fb8d27136e95/g/a/galaxyzflip35g_924.jpg,SAM FLIP3,,"BLK, LVD","A039D, S048D, J039D"
231993,Samsung Cell Phones - Galaxy Note 20 Ultra 5G - 25 Units - Grade C(T) - CT0079960A,CT0079960A,C(T),25,,2025-06-19T19:34:00.000Z,https://bstock.com/mobilecarrier/media/catalog/product/cache/0/image/210x/9df78eab33525d08d6e5fb8d27136e95/g/a/galaxynote20ultra5g_1227.jpg,SAM NOTE20ULTRA,", 512GB","BRZ, BLK, WHT","J540C, S541C, J542C, S540C, J543C, J541C"
231907,Samsung Cell Phones - Galaxy Note 10+ - 25 Units - Grade C(T) - CT0079957A,CT0079957A,C(T),25,,2025-06-19T19:35:00.000Z,https://bstock.com/mobilecarrier/media/catalog/product/cache/0/image/210x/9df78eab33525d08d6e5fb8d27136e95/g/a/galaxynote10plus_1279.jpg,SAM NOTE10P,"512GB, 256GB","SLV, BLK, WHT","S046C, J054C, J046C, J045C, J036C, S036C"
231893,"Samsung Cell Phones - Galaxy Note 10, 256GB - 21 Units - Grade C(T) - CT0079974A",CT0079974A,C(T),21,,2025-06-19T19:36:00.000Z,https://bstock.com/mobilecarrier/media/catalog/product/cache/0/image/210x/9df78eab33525d08d6e5fb8d27136e95/g/a/galaxynote10_801.jpg,SAM NOTE10,256GB,"SLV, BLK, WHT","J048C, J042C, J035C"
231950,Samsung Cell Phones - Galaxy Note 9 - 25 Units - Grade C(T) - CT0079945A,CT0079945A,C(T),25,,2025-06-19T19:37:00.000Z,https://bstock.com/mobilecarrier/media/catalog/product/cache/0/image/210x/9df78eab33525d08d6e5fb8d27136e95/g/a/galaxynote9_1528.jpg,SAM NOTE9,"128, 512, ","PUR, BLK, BLU","J804B, J765B, J764B, J806B, J767B, J766B"
231884,Samsung Cell Phones - Galaxy A71 5G - 15 Units - Grade C(T) - CT0080009A,CT0080009A,C(T),15,,2025-06-19T19:38:00.000Z,https://bstock.com/mobilecarrier/media/catalog/product/cache/0/image/210x/9df78eab33525d08d6e5fb8d27136e95/g/a/galaxya715g_727.jpg,SAM GA71 5G,,BLK,J324C
232048,Samsung Cell Phones - Galaxy A54 5G - 31 Units - Grade C(T) - CT0079922A,CT0079922A,C(T),31,,2025-06-19T19:39:00.000Z,https://bstock.com/mobilecarrier/media/catalog/product/cache/0/image/210x/9df78eab33525d08d6e5fb8d27136e95/g/a/galaxya545g_281.jpg,SAM A54,,BLK,"E783D, J783D, A783D, S783D"
231805,Samsung Cell Phones - Galaxy A53 5G - 39 Units - Grade C(T) - CT0079898A,CT0079898A,C(T),39,,2025-06-19T19:40:00.000Z,https://bstock.com/mobilecarrier/media/catalog/product/cache/0/image/210x/9df78eab33525d08d6e5fb8d27136e95/g/a/galaxya535g_355.jpg,SAM A53,,BLK,"A318D, E318D, J318D"
232034,Samsung Cell Phones - Galaxy A52 5G - 22 Units - Grade C(T) - CT0079971A,CT0079971A,C(T),22,,2025-06-19T19:41:00.000Z,https://bstock.com/mobilecarrier/media/catalog/product/cache/0/image/210x/9df78eab33525d08d6e5fb8d27136e95/g/a/galaxya525g_599.jpg,SAM A52,,BLK,"S963C, E963C, J963C"
231814,Samsung Cell Phones - Galaxy A23 5G - 20 Units - Grade C(T) - CT0079976A,CT0079976A,C(T),20,,2025-06-19T19:42:00.000Z,https://bstock.com/mobilecarrier/media/catalog/product/cache/0/image/210x/9df78eab33525d08d6e5fb8d27136e95/g/a/galaxya235g_120.jpg,SAM A23,,BLK,"A432D, J432D, S432D"
231876,Samsung Cell Phones - Galaxy A16 5G - 86 Units - Grade B+(T) - CT0079847A,CT0079847A,B+(T),86,,2025-06-19T19:43:00.000Z,https://bstock.com/mobilecarrier/media/catalog/product/cache/0/image/210x/9df78eab33525d08d6e5fb8d27136e95/g/a/galaxya165g_55.jpg,SAM A16 SMA166U,,BLU,"E794E, U794E, J794E, S794E, A794E"
231847,Samsung Cell Phones - Galaxy A16 5G - 43 Units - Grade A+(T) - CT0079894A,CT0079894A,A+(T),43,,2025-06-19T19:44:00.000Z,https://bstock.com/mobilecarrier/media/catalog/product/cache/0/image/210x/9df78eab33525d08d6e5fb8d27136e95/g/a/galaxya165g_55.jpg,SAM A16 SMA166U,,BLU,"J794E, U794E, A794E, S794E"
231914,Samsung Cell Phones - Galaxy A16 5G - 31 Units - Grade C(T) - CT0079920A,CT0079920A,C(T),31,,2025-06-19T19:45:00.000Z,https://bstock.com/mobilecarrier/media/catalog/product/cache/0/image/210x/9df78eab33525d08d6e5fb8d27136e95/g/a/galaxya165g_55.jpg,SAM A16 SMA166U,,BLU,"J794E, A794E, E794E, S794E"
231781,Samsung Cell Phones - Galaxy A15 5G - 51 Units - Grade C(T) - CT0079882A,CT0079882A,C(T),51,,2025-06-19T19:46:00.000Z,https://bstock.com/mobilecarrier/media/catalog/product/cache/0/image/210x/9df78eab33525d08d6e5fb8d27136e95/g/a/galaxya155g_221.jpg,SAM A15,,"BLK, BLU","J040E, J453E, S040E, J035E, E040E, A040E"
231899,Samsung Cell Phones - Galaxy A14 5G - 50 Units - Grade C(T) - CT0079887A,CT0079887A,C(T),50,,2025-06-19T19:47:00.000Z,https://bstock.com/mobilecarrier/media/catalog/product/cache/0/image/210x/9df78eab33525d08d6e5fb8d27136e95/g/a/galaxya145g_509.jpg,SAM A14,,BLK,"E656D, A656D, J656D"
232038,Motorola Cell Phones - Razr+ 2024 - 31 Units - Grade C(T) - CT0079919A,CT0079919A,C(T),31,,2025-06-19T19:48:00.000Z,https://bstock.com/mobilecarrier/media/catalog/product/cache/0/image/210x/9df78eab33525d08d6e5fb8d27136e95/r/a/razrplus2024_121.jpg,MOT RAZRP24,,NVY,"A211E, U211E, J211E"
232009,Motorola Cell Phones - Razr+ 2024 - 5 Units - Grade A+(T) - CT0080052A,CT0080052A,A+(T),5,,2025-06-19T19:49:00.000Z,https://bstock.com/mobilecarrier/media/catalog/product/cache/0/image/210x/9df78eab33525d08d6e5fb8d27136e95/r/a/razrplus2024_120.jpg,MOT RAZRP24,,NVY,"U211E, J211E, A211E"
